"Nom_bibliotheque","Nom_responsable","Population_residente","Population_contractuelle","Nb_abonnes_actifs","Nb_menages_servis","Nb_points_service","Nb_succursales","Heures_ouverture","Nb_imprimantes_3D","Nb_espaces_creation","Nb_locations_salles","Nb_bibliotheques_ephemeres","Superficie","Nb_postes_publics","Nb_postes_OPAC","Nb_postes_internet","Nb_appareils_pretes","Nb_liseuses","Population_desservie","Ratio_abonnes_population","Imprimantes_3D_1000","Espaces_creation_1000","Postes_internet_1000","Appareils_pretes_1000","Liseuses_1000","Z_Imprimantes_3D","Z_Espaces_creation","Z_Postes_internet","Z_Appareils_pretes","Z_Liseuses","Nb_composantes_indice","Indice_ressources_technologiques"
"Addington Highlands Twp","Bonnie Leoen",1712,0,925,2762,2,2,30,0,0,0,0,3534,12,12,12,4,2,1712,0.540303738317757,0,0,7.00934579439252,2.33644859813084,1.16822429906542,-0.236785156647013,-0.119350542858156,0.266363464979724,0.0553400653760326,0.0791718208275201,5,0.00894793033562155
"Admaston/Bromley Twp","Jane Wouda",2935,0,342,1408,1,1,12,0,0,0,0,1394,4,4,4,8,1,2935,0.116524701873935,0,0,1.36286201022147,2.72572402044293,0.340715502555366,-0.236785156647013,-0.119350542858156,-0.237401079360803,0.125608951885762,-0.145768964633741,5,-0.12273935832279
"Ajax","Sarah Vaisler",127400,0,23302,38400,3,3,151.5,2,0,0,0,48000,62,11,51,0,0,127400,0.182904238618524,0.0156985871271586,0,0.400313971742543,0,0,-0.156167852569004,-0.119350542858156,-0.323277102837489,-0.366416952836759,-0.23838527649273,5,-0.240719545518828
"Alderville FN","Shannon Catherwood",313,0,190,NA,1,1,20,0,0,0,0,500,3,0,3,3,2,313,0.60702875399361,0,0,9.58466453674121,9.58466453674121,6.38977635782748,-0.236785156647013,-0.119350542858156,0.496126680878407,1.36373004839399,1.49854044431324,5,0.600452294816093
"Alfred & Plantagenet Twp","Dominique Lacelle",9680,0,1743,4218,5,5,85,0,0,0,0,5595,11,0,11,0,0,9680,0.180061983471074,0,0,1.13636363636364,0,0,-0.236785156647013,-0.119350542858156,-0.257608673053044,-0.366416952836759,-0.23838527649273,5,-0.243709320377541
"Algonquins of Pikwakanagan FN","Estelle Amikons",453,0,65,NA,1,1,20,0,0,0,0,118,6,0,6,1,0,453,0.143487858719647,0,0,13.2450331125828,2.2075055187638,0,-0.236785156647013,-0.119350542858156,0.82269521064138,0.0320642917439801,-0.23838527649273,5,0.0520477052774922
"Alnwick/Haldimand Twp","Elaine Skinner",5691,0,924,3434,3,3,43,0,0,0,0,16712,7,4,4,3,0,5691,0.162361623616236,0,0,0.702864171498858,0.527148128624143,0,-0.236785156647013,-0.119350542858156,-0.296284363754869,-0.271260387841991,-0.23838527649273,5,-0.232413145518952
"Armstrong Twp","Corinna Dallaire",1166,795,159,841,1,1,27,0,1,0,0,2322,6,1,6,3,2,1961,0.0810810810810811,0,0.509943906170321,3.05966343702193,1.52983171851096,1.01988781234064,-0.236785156647013,0.0673976173153474,-0.0860168851823404,-0.0902639638590822,0.0388496804742604,5,-0.0613637415797656
"Arnprior","Karen DeLuca",8795,7178,4968,7466,1,1,40,0,0,34,4,13500,11,3,4,4,0,15973,0.311024854441871,0,0,0.250422588117448,0.250422588117448,0,-0.236785156647013,-0.119350542858156,-0.336650020826583,-0.32121266966013,-0.23838527649273,5,-0.250476733296922
"Asphodel-Norwood","Tish Reed",3440,0,636,1857,2,2,27,1,1,17,0,3822,3,3,3,2,0,3440,0.184883720930233,0.290697674418605,0.290697674418605,0.872093023255814,0.581395348837209,0,1.25604108456496,-0.0128932341080861,-0.281186207335187,-0.261468113421018,-0.23838527649273,5,0.0924216506415888
"Assiginack Twp","Debbie Robinson",1013,0,655,420,1,1,19,0,1,0,0,1200,1,0,1,0,0,1013,0.646594274432379,0,0.987166831194472,0.987166831194472,0,0,-0.236785156647013,0.242162924170709,-0.270919622565342,-0.366416952836759,-0.23838527649273,5,-0.174068816874227
"Athens Twp","Diane Benschop",3013,0,290,1336,1,1,12,0,1,0,0,3458,5,5,5,0,1,3013,0.0962495851310986,0,0.331895121141719,1.6594756057086,0,0.331895121141719,-0.236785156647013,0.00219381230289292,-0.210937988614901,-0.366416952836759,-0.148166598993183,5,-0.192022576957793
"Atikameksheng Anishnawbek Band No. 6 FN","Mary Fraser",390,0,500,NA,1,1,35,0,0,0,0,NA,1,0,0,0,0,390,1.28205128205128,0,0,0,0,0,-0.236785156647013,-0.119350542858156,-0.358992070466256,-0.366416952836759,-0.23838527649273,5,-0.263985999860183
"Atikokan","Tracey Sinclair",2200,0,1865,1373,3,1,37,0,0,2,0,5151,7,7,7,0,0,2200,0.847727272727273,0,0,3.18181818181818,0,0,-0.236785156647013,-0.119350542858156,-0.0751185577092628,-0.366416952836759,-0.23838527649273,5,-0.207211297308784
"Augusta Twp","Angela Knights",7353,0,1778,3130,1,1,26,0,0,0,0,4422,NA,5,5,4,1,7353,0.241806065551476,0,0,0.67999456004352,0.543995648034816,0.135998912008704,-0.236785156647013,-0.119350542858156,-0.298324730792908,-0.268219208354194,-0.201416845198546,5,-0.224819296770163
"Aundeck-Omni-Kaning FN","Mandy McGraw",368,0,14,NA,1,1,20,0,0,0,0,NA,4,0,4,7,3,368,0.0380434782608696,0,0,10.8695652173913,19.0217391304348,8.15217391304348,-0.236785156647013,-0.119350542858156,0.610762165660119,3.06723529326521,1.97761098958989,5,1.05989454980201
"Aurora","Bruce Gorman",62900,0,25923,21100,1,1,36,4,1,0,0,44000,27,5,27,8,0,62900,0.412130365659777,0.0635930047694754,0.0158982511923688,0.429252782193959,0.127186009538951,0,0.0897854169472127,-0.113528394335099,-0.320695257707307,-0.343458351400184,-0.23838527649273,5,-0.185256372597622
"Bancroft Town","Kimberly McMunn",3881,1468,1439,3409,1,1,25,0,0,0,0,2500,3,2,3,0,0,5349,0.269022247149,0,0,0.560852495793606,0,0,-0.236785156647013,-0.119350542858156,-0.30895427477157,-0.366416952836759,-0.23838527649273,5,-0.253978440721246
"Barrie","Lauren Jessop",149964,21035,28557,66191,2,2,137,3,3,39,50,56200,68,7,61,6,0,170999,0.167000976613898,0.0175439622453932,0.0175439622453932,0.356727232322996,0.0350879244907865,0,-0.146691256628255,-0.112925713319382,-0.327165797955065,-0.360083161277917,-0.23838527649273,5,-0.23705024113467
"Beausoleil First Nation Public Library","Kathleen Peters",649,0,200,NA,1,1,35,1,6,0,0,NA,8,0,8,6,4,649,0.308166409861325,1.54083204930663,9.24499229583975,12.326656394453,9.24499229583975,6.1633281972265,7.67588398013142,3.26628713449383,0.740760037066891,1.3024151315553,1.43698529550193,5,2.88446631574988
"Belleville","Trevor Pross",50716,0,19735,22744,1,1,54,2,2,13,0,36000,23,3,20,14,0,50716,0.389127691458317,0.0394352866945343,0.0394352866945343,0.394352866945343,0.27604700686174,0,-0.0342722506698383,-0.104908822608127,-0.323808937047364,-0.316587154486514,-0.23838527649273,5,-0.203592488260915
"Big Grassy FN","Audrey Duval",261,0,260,NA,7,7,32.5,0,0,13,0,896,7,0,7,0,0,261,0.996168582375479,0,0,26.8199233716475,0,0,-0.236785156647013,-0.119350542858156,2.03381148533982,-0.366416952836759,-0.23838527649273,5,0.214574711301032
"Biigtigong Nishnaabeg","Glenda Michano-Nabigon",537,0,65,NA,1,1,35,0,0,0,0,340,4,0,4,3,0,537,0.121042830540037,0,0,7.4487895716946,5.58659217877095,0,-0.236785156647013,-0.119350542858156,0.305569491720906,0.642029995739078,-0.23838527649273,5,0.070615702292417
"Billings Twp","Jillian Ferguson",731,0,200,605,1,1,9,0,0,5,0,1000,2,0,2,2,0,731,0.27359781121751,0,0,2.7359781121751,2.7359781121751,0,-0.236785156647013,-0.119350542858156,-0.114895244957018,0.127459938531435,-0.23838527649273,5,-0.116391256484697
"Bkejwanong FN","Linda Lou Classens",2369,0,2,NA,1,1,20,0,0,12,0,3600,11,0,11,0,0,2369,0.000844238075137189,0,0,4.64330941325454,0,0,-0.236785156647013,-0.119350542858156,0.0552718750634575,-0.366416952836759,-0.23838527649273,5,-0.18113321075424
"Black River-Matheson Twp","Margaret-Anne Friese",2438,0,1067,1476,2,2,37,0,1,2,0,1500,6,6,6,8,0,2438,0.437653814602133,0,0.410172272354389,2.46103363412633,3.28137817883511,0,-0.236785156647013,0.0308599338031402,-0.139425073607454,0.2259111974342,-0.23838527649273,5,-0.0715648751019715
"Blind River","Jennifer Fortin",3472,497,634,2762,1,1,44,0,1,0,0,5544,4,1,4,0,0,3969,0.159737969261779,0,0.251952632905014,1.00781053162006,0,0,-0.236785156647013,-0.0270821775015824,-0.269077845499135,-0.366416952836759,-0.23838527649273,5,-0.227549481795444
"Bonfield","Jeannette Shields",1975,0,301,1105,1,1,18,0,0,0,0,1200,5,5,5,3,3,1975,0.152405063291139,0,0,2.53164556962025,1.51898734177215,1.51898734177215,-0.236785156647013,-0.119350542858156,-0.133125261039354,-0.0922215040341138,0.174519344225448,5,-0.0813926240706376
"Bonnechere Union","Susan Artymko",5339,0,1738,4309,1,1,31.5,0,1,59,0,3700,4,4,4,0,0,5339,0.325529125304364,0,0.187300992695261,0.749203970781045,0,0,-0.236785156647013,-0.0507584578047301,-0.292150047822595,-0.366416952836759,-0.23838527649273,5,-0.236899178320766
"Bracebridge","Crystal Bergstrome",16010,0,9002,9067,1,1,58,0,0,0,0,8700,12,12,9,0,0,16010,0.562273579013117,0,0,0.562148657089319,0,0,-0.236785156647013,-0.119350542858156,-0.308838634644105,-0.366416952836759,-0.23838527649273,5,-0.253955312695753
"Bradford West Gwillimbury Town","Matthew Corbett",38559,0,18505,13583,1,1,63.5,1,1,0,0,40000,5,5,5,6,0,38559,0.479913898182007,0.0259342825280739,0.0259342825280739,0.129671412640369,0.155605695168443,0,-0.103604258030109,-0.109853067765434,-0.347423125508707,-0.338328256999978,-0.23838527649273,5,-0.227518796959392
"Brampton","Todd Kyle",696975,0,78445,180189,8,8,496,4,4,0,0,205070,460,16,460,294,0,696975,0.112550665375372,0.00573908676781807,0.00573908676781807,0.659994978299078,0.421822877434628,0,-0.207313096560099,-0.117248813860127,-0.300109041271711,-0.29027285998443,-0.23838527649273,5,-0.23066581763382
"Brant County","Kelly Bernstein",30781,0,20784,14354,6,5,331,1,0,0,12,20500,18,18,18,2,0,30781,0.675221727689159,0.0324875735031351,0,0.584776323056431,0.0649751470062701,0,-0.0699509969455999,-0.119350542858156,-0.306819853350981,-0.354688158853778,-0.23838527649273,5,-0.217838965700249
"Brantford","Rae-Lynne Aramburo",102257,0,16473,41642,2,2,113.5,3,1,246,0,68000,35,35,30,11,0,102257,0.161094106026971,0.0293378448419179,0.00977928161397264,0.293378448419179,0.107572097753699,0,-0.0861258686832787,-0.11576924141082,-0.33281761109713,-0.346998897918799,-0.23838527649273,5,-0.224019379120551
"Brighton Public Library Board","Heather Ratz",11844,0,3358,5099,3,3,59,0,0,0,3,6533,11,2,8,0,0,11844,0.283519081391422,0,0,0.675447483958122,0,0,-0.236785156647013,-0.119350542858156,-0.298730409052122,-0.366416952836759,-0.23838527649273,5,-0.251933667577356
"Britt Area","Barbara Wohleber",940,0,214,NA,7,7,42.5,0,0,0,0,NA,6,6,6,1,5,940,0.227659574468085,0,0,6.38297872340426,1.06382978723404,5.31914893617021,-0.236785156647013,-0.119350542858156,0.210480629897317,-0.174382906246254,1.20751299641224,5,0.177495004111627
"Brock Twp","Katie-Scarlett MacGillivray",11642,0,2176,5349,3,3,74,1,0,0,0,11421,28,27,27,8,2,11642,0.186909465727538,0.0858958941762584,0,2.31918914275898,0.687167153410067,0.171791788352517,0.204317941598065,-0.119350542858156,-0.152080068873925,-0.24237503303255,-0.191687307878036,5,-0.10023500220892
"Brockville","Emily Farrell",21346,0,4170,10820,1,1,35,0,0,17,0,18813,6,0,6,0,0,21346,0.195352759299166,0,0,0.281083106905275,0,0,-0.236785156647013,-0.119350542858156,-0.333914569372761,-0.366416952836759,-0.23838527649273,5,-0.258970499641484
"Bruce County","Brooke McLean",61119,0,24306,41290,17,17,534.5,2,1,0,0,52919,71,69,69,0,0,61119,0.397683208167673,0.0327230484791963,0.0163615242395982,1.12894517253227,0,0,-0.0687417570570591,-0.113358737656823,-0.258270529031838,-0.366416952836759,-0.23838527649273,5,-0.209034650615042
"Bruce Mines & Plummer Additional Union","Melissa Allard",1226,584,351,1375,1,1,23.5,0,0,0,0,2750,12,0,8,0,0,1810,0.193922651933702,0,0,4.41988950276243,0,0,-0.236785156647013,-0.119350542858156,0.0353389338370654,-0.366416952836759,-0.23838527649273,5,-0.185119798999519
"Burk's Falls, Armour & Ryerson Union","Nieves Guijarro",3043,824,641,2922,1,1,35,0,1,6,0,1800,7,7,7,4,3,3867,0.165761572278252,0,0.258598396689941,1.81018877682958,1.03439358675976,0.775795190069822,-0.236785156647013,-0.0246484114642484,-0.197491752890517,-0.17969649377798,-0.0275017425081419,5,-0.13322471145758
"Burlington","Lita Barrie",176802,0,117084,72923,6,6,373,3,2,0,0,106684,121,9,112,195,7,176802,0.662232327688601,0.0169681338446398,0.0113120892297598,0.633476996866551,1.10292869990158,0.0395923123041595,-0.14964832103821,-0.115207907117607,-0.302474906355861,-0.167325083174427,-0.227622942768321,5,-0.192455832090885
"Caledon","",74649,0,13171,24213,7,7,313.5,1,0,0,0,39207,82,8,26,48,0,74649,0.17643906817238,0.0133960267384694,0,0.348296695200204,0.64300928344653,0,-0.167992242210528,-0.119350542858156,-0.327917948471129,-0.250346058622991,-0.23838527649273,5,-0.220798413731107
"Callander","Melissa Sones",3863,0,835,1799,1,1,46,0,0,0,0,1038,5,3,3,2,3,3863,0.216153248770386,0,0,0.776598498576236,0.517732332384157,0.776598498576236,-0.236785156647013,-0.119350542858156,-0.289705979559997,-0.272960052088597,-0.0272833800603194,5,-0.189217022242817
"Cambridge","Helen Kelly",135060,0,41552,49160,5,5,307,5,4,647,0,93900,33,12,21,45,0,135060,0.307655856656301,0.0370205834443951,0.0296164667555161,0.155486450466459,0.333185250999556,0,-0.0466725300451621,-0.108504603509711,-0.345119975218247,-0.306273015543864,-0.23838527649273,5,-0.208991080161943
"Carleton Place","Meriah Caswell",11936,7644,3316,8053,1,1,53,0,0,0,0,7500,5,2,3,0,0,19580,0.169356486210419,0,0,0.153217568947906,0,0,-0.236785156647013,-0.119350542858156,-0.345322398904924,-0.366416952836759,-0.23838527649273,5,-0.261252065547917
"Carlow/Mayo Public Library","Carrie McKenzie",864,0,189,627,1,1,12,0,0,0,0,750,8,0,8,4,0,864,0.21875,0,0,9.25925925925926,4.62962962962963,0,-0.236785156647013,-0.119350542858156,0.467094871419175,0.469286768436736,-0.23838527649273,5,0.0683721327716022
"Casselman","Linda Bergeron",3171,0,300,1533,1,1,27,0,0,0,0,NA,4,0,4,4,0,3171,0.0946073793755913,0,0,1.26143172500788,1.26143172500788,0,-0.236785156647013,-0.119350542858156,-0.246450424646482,-0.138713384504908,-0.23838527649273,5,-0.195936957029858
"Cavan Monaghan Public Library Board, Township of","Karla Buckborough",8829,0,1013,3409,2,2,56,0,2,0,1,5000,14,14,14,10,4,8829,0.114735530637671,0,0.226526220410012,1.58568354287009,1.13263110205006,0.453052440820025,-0.236785156647013,-0.0363936639137136,-0.217521523843675,-0.161963443045078,-0.115232541049924,5,-0.153579265699881
"Central Manitoulin Twp","Claire Cline",2084,0,3216,1629,1,1,30,0,0,5,0,1000,5,0,5,0,0,2084,1.54318618042226,0,0,2.39923224568138,0,0,-0.236785156647013,-0.119350542858156,-0.144938832165809,-0.366416952836759,-0.23838527649273,5,-0.221175352200093
"Centre Hastings","Tammie Adams",4774,1841,1203,3314,1,1,25,0,1,7,0,3210,5,4,3,7,0,6615,0.181859410430839,0,0.151171579743008,0.453514739229025,1.05820105820106,0,-0.236785156647013,-0.0639895236442117,-0.318530669231052,-0.175398959402817,-0.23838527649273,5,-0.206617917083565
"Champlain Twp","Cynthia Martin",8706,2952,1882,5600,1,1,38,0,0,0,17,2175,7,7,7,5,1,11658,0.161434208269,0,0,0.600446045633899,0.428890032595642,0.0857780065191285,-0.236785156647013,-0.119350542858156,-0.305421841604926,-0.288997153645185,-0.215068337454633,5,-0.233124606441983
"Chapleau Twp","Kimberly Jean",1956,0,251,1068,1,1,32,0,0,0,0,2900,3,1,2,0,9,1956,0.128323108384458,0,0,1.02249488752556,0,4.60122699386503,-0.236785156647013,-0.119350542858156,-0.267767745595473,-0.366416952836759,1.01236108227783,5,0.00440813686808504
"Chatham-Kent","Tania Sharpe",102042,0,30597,48051,11,11,305,4,0,8,0,68557,88,15,73,0,0,102042,0.299847121773387,0.0391995452852747,0,0.715391701456263,0,0,-0.0354828587787158,-0.119350542858156,-0.295166690232385,-0.366416952836759,-0.23838527649273,5,-0.210960464239749
"Chippewas of Georgina Island FN","Karen Foster",208,0,190,NA,1,1,37.5,0,0,0,0,1324,4,1,4,0,0,208,0.913461538461538,0,0,19.2307692307692,0,0,-0.236785156647013,-0.119350542858156,1.35672696268041,-0.366416952836759,-0.23838527649273,5,0.07915780676915
"Chippewas of Kettle & Stony Point FN","Clint Couchie",1352,0,357,NA,1,1,20,0,1,0,0,1500,2,2,2,0,0,1352,0.26405325443787,0,0.739644970414201,1.4792899408284,0,0,-0.236785156647013,0.151517165795868,-0.227013683301128,-0.366416952836759,-0.23838527649273,5,-0.183416780696353
"Chippewas of Rama FN","Danielle Big Canoe Snake",725,0,238,NA,1,1,50,0,0,0,0,3270,19,3,19,4,0,725,0.328275862068966,0,0,26.2068965517241,5.51724137931034,0,-0.236785156647013,-0.119350542858156,1.97911883263568,0.629511343963654,-0.23838527649273,5,0.402821840120287
"Clarence-Rockland","Catherina Rouse",25326,0,10001,9771,2,2,70,0,0,13,0,10816,11,11,7,12,0,25326,0.39489062623391,0,0,0.276395798783858,0.473821369343757,0,-0.236785156647013,-0.119350542858156,-0.334332758768184,-0.280886508015591,-0.23838527649273,5,-0.241948048556335
"Clarington, Municipality of","Monika Machacek",92015,0,34580,34032,4,4,198,0,1,0,0,48704,63,53,49,6,0,92015,0.375808292126284,0,0.0108677932945715,0.532521871434005,0.0652067597674292,0,-0.236785156647013,-0.115370614128055,-0.311481859126174,-0.354646349970156,-0.23838527649273,5,-0.251333851272826
"Clearview Twp","Jennifer La Chapelle",14151,13859,2713,12083,5,3,462,0,0,0,0,11095,22,4,22,6,0,28010,0.0968582649053909,0,0,0.785433773652267,0.214209210996073,0,-0.236785156647013,-0.119350542858156,-0.288917719380223,-0.327749618928496,-0.23838527649273,5,-0.242237662861324
"Cobalt Twp","Kendra Lacarte",1128,516,117,1166,1,1,30,1,0,0,0,NA,6,0,6,0,0,1644,0.0711678832116788,0.608272506082725,0,3.64963503649635,0,0,2.88689018992793,-0.119350542858156,-0.0333811590661595,-0.366416952836759,-0.23838527649273,5,0.425871251734825
"Cobourg","Tammy Robinson",19440,10942,7948,13635,5,5,76,0,0,0,4,18369,18,4,18,4,0,30382,0.261602264498716,0,0,0.59245605950892,0.131656902113093,0,-0.236785156647013,-0.119350542858156,-0.306134687310925,-0.342651301622873,-0.23838527649273,5,-0.248661392986339
"Cochrane Public Library Board","Christina Blazecka",4371,0,1849,2666,1,1,39,1,0,0,0,4000,10,10,10,2,4,4371,0.42301532830016,0.22878059940517,0,2.2878059940517,0.457561198810341,0.915122397620682,0.938076950369506,-0.119350542858156,-0.154879991482897,-0.283821663980628,0.0103714156199527,5,0.0780792335335556
"Collingwood","Ashley Kulchycki",23815,0,7638,11522,1,1,64,0,1,0,0,20000,26,8,19,19,4,23815,0.320722233886206,0,0.0419903422212891,0.797816502204493,0.797816502204493,0.167961368885156,-0.236785156647013,-0.103973127695433,-0.287812964661138,-0.222401497363048,-0.192728526493799,5,-0.208740254572086
"Cornwall","Helen McCutcheon",45723,0,8430,22007,1,1,39,1,2,0,0,23300,19,8,11,2,0,45723,0.184371104258251,0.0218708308728649,0.0437416617457297,0.240579139601513,0.0437416617457297,0,-0.124471391807235,-0.103331771469566,-0.337528227609053,-0.358521057825711,-0.23838527649273,5,-0.232447545040859
"Cramahe Twp","Mary Norton Stack",6355,0,2123,2570,3,2,63,0,1,0,0,NA,12,1,12,6,2,6355,0.334067663257278,0,0.1573564122738,1.8882769472856,0.944138473642801,0.3147128245476,-0.236785156647013,-0.0617245566897466,-0.190524930154137,-0.195988625099474,-0.152837243351539,5,-0.167572102388382
"Curve Lake FN","Louise Musgrave",791,0,250,NA,1,1,39.5,0,0,0,0,NA,2,0,2,2,0,791,0.316055625790139,0,0,2.52844500632111,2.52844500632111,0,-0.236785156647013,-0.119350542858156,-0.133410806942548,0.0899977217399156,-0.23838527649273,5,-0.127586812240106
"Deep River","Naomi Balla-Boudreau",4109,0,1477,1999,1,1,39,0,0,179,4,11000,7,1,6,1,0,4109,0.359454855195911,0,0,1.46020929666586,0.243368216110976,0,-0.236785156647013,-0.119350542858156,-0.228716008567556,-0.322486068486534,-0.23838527649273,5,-0.229144610610398
"Delaware FN","Derekica Snake",238,0,375,NA,1,1,15,0,0,0,0,400,2,0,2,0,0,238,1.57563025210084,0,0,8.40336134453782,0,0,-0.236785156647013,-0.119350542858156,0.390733893597832,-0.366416952836759,-0.23838527649273,5,-0.114040807047365
"Deseronto","Amy McDonald",1645,0,462,716,1,1,39,0,0,0,0,4144,15,0,15,0,5,1645,0.280851063829787,0,0,9.11854103343465,0,3.03951367781155,-0.236785156647013,-0.119350542858156,0.454540358624563,-0.366416952836759,0.587842308024395,5,0.063966002861406
"Dokis FN","Jason Restoule",203,0,35,NA,1,1,35,0,1,0,0,NA,6,0,6,4,2,203,0.172413793103448,0,4.92610837438424,29.5566502463054,19.7044334975369,9.85221674876847,-0.236785156647013,1.6846550832514,2.2779751134833,3.19046982145043,2.43973172159726,5,1.87120931662707
"Dorion Twp","Simone Marchand",316,389,111,174,1,1,8.5,0,0,0,0,NA,4,4,4,2,0,705,0.157446808510638,0,0,5.67375886524823,2.83687943262411,0,-0.236785156647013,-0.119350542858156,0.147205885412476,0.145673838071255,-0.23838527649273,5,-0.0603282505028337
"Douro-Dummer Twp","Anne Landry",5869,0,388,3619,1,1,26,0,0,0,0,1485,4,4,4,0,0,5869,0.066110069858579,0,0,0.681547111944113,0,0,-0.236785156647013,-0.119350542858156,-0.298186216164926,-0.366416952836759,-0.23838527649273,5,-0.251824828999917
"Dryden","Caroline Goulding",7749,0,1757,3541,1,1,54,0,1,0,0,6100,3,3,3,0,0,7749,0.226738934056007,0,0.129048909536714,0.387146728610143,0,0,-0.236785156647013,-0.0720911362121059,-0.324451849899618,-0.366416952836759,-0.23838527649273,5,-0.247626074417645
"Dubreuilville Twp","Brigitte Tremblay",613,0,365,310,1,1,32.5,0,0,0,0,NA,4,4,4,1,5,613,0.595432300163132,0,0,6.5252854812398,1.63132137030995,8.15660685154976,-0.236785156647013,-0.119350542858156,0.223176867371437,-0.0719438634483825,1.97881599027835,5,0.354782658939247
"Ear Falls Twp","Susan Carey",995,0,166,559,1,1,30,0,1,0,0,2475,8,7,7,10,0,995,0.166834170854271,0,1.00502512562814,7.03517587939699,10.0502512562814,0,-0.236785156647013,0.248702866287814,0.268667957740162,1.44777404007857,-0.23838527649273,5,0.29799488619336
"East Ferris","Jennifer Laporte",4862,0,845,2157,1,1,36,0,0,3,0,2496,NA,4,3,4,4,4862,0.17379679144385,0,0,0.617030028794735,0.822706705059646,0.822706705059646,-0.236785156647013,-0.119350542858156,-0.303942261916096,-0.217908516970799,-0.014749838149551,5,-0.178547263308323
"East Gwillimbury","Angela Ramsey",23991,0,7607,10606,2,2,94,2,1,54,2,15000,44,2,21,23,4,23991,0.31707723729732,0.0833645950564795,0.0416822975282398,0.875328248093035,0.958692843149514,0.166729190112959,0.191318904856818,-0.104085937710382,-0.280897569020041,-0.193361386695843,-0.193063468263622,5,-0.116017891366614
"Edwardsburgh/Cardinal Twp","Donna Gladstone",7093,0,656,3148,2,2,30,0,1,0,0,3691,12,12,12,0,0,7093,0.092485549132948,0,0.140984068800226,1.69180882560271,0,0,-0.236785156647013,-0.0677203240367487,-0.208053303134589,-0.366416952836759,-0.23838527649273,5,-0.223472202629568
"Elgin County","Brian Masschaele",50069,0,8719,19499,11,11,339,5,2,0,0,31448,91,81,81,44,4,50069,0.17413968723162,0.099862190177555,0.039944876071022,1.61776748087639,0.878787273562484,0.079889752142044,0.276039372479712,-0.104722204281382,-0.214659078642698,-0.207785301176385,-0.216668935019472,5,-0.093559229328045
"Elizabethtown - Kitley","Ruth Blanchard",9854,0,1203,4103,3,3,46,0,0,0,0,NA,6,0,6,0,0,9854,0.122082403085042,0,0,0.608889790947838,0,0,-0.236785156647013,-0.119350542858156,-0.304668512688526,-0.366416952836759,-0.23838527649273,5,-0.253121288304637
"Elliot Lake","Pat McGurk",10741,0,1622,5515,1,1,51.5,0,0,4,0,10059,11,3,8,10,15,10741,0.15101014803091,0,0,0.744809608043944,0.93101201005493,1.39651801508239,-0.236785156647013,-0.119350542858156,-0.292542101395498,-0.198358109344463,0.141228644891872,5,-0.141161453070652
"Emo Twp","Nicholas Donaldson",1333,1275,834,1341,1,1,31,0,0,0,0,NA,2,2,2,1,1,2608,0.31978527607362,0,0,0.766871165644172,0.383435582822086,0.383435582822086,-0.236785156647013,-0.119350542858156,-0.290573826813169,-0.297202227455212,-0.13415641326185,5,-0.21561363340708
"Englehart","Sharon Williams",1479,705,720,1087,1,1,27,1,6,12,0,4275,3,0,3,6,3,2184,0.32967032967033,0.457875457875458,2.74725274725275,1.37362637362637,2.74725274725275,1.37362637362637,2.1145528789616,0.886729517856788,-0.23644071095578,0.129495145501359,0.135006035740971,5,0.605868573420987
"Espanola","Charles Grayson",4996,1276,915,3018,1,1,56,0,0,0,0,6000,6,6,6,14,0,6272,0.145886479591837,0,0,0.956632653061224,2.23214285714286,0,-0.236785156647013,-0.119350542858156,-0.273643802235746,0.0365116270629615,-0.23838527649273,5,-0.166330630234137
"Essa","Laura Wark",21083,10975,3362,11057,2,2,82,2,1,0,0,13500,16,16,16,18,2,32058,0.104872418741032,0.0623869237007923,0.0311934618503962,0.499095389606338,0.561482313307131,0.0623869237007923,0.0835918019760576,-0.107927087180938,-0.314464082582482,-0.265062655366195,-0.221426709189334,5,-0.165057746468578
"Essex County","Robin Greenall",181530,0,24172,72513,14,14,534,2,2,0,0,72036,NA,8,24,20,0,181530,0.13315705393048,0.0110174626783452,0.0110174626783452,0.132209552140142,0.110174626783452,0,-0.180206935198556,-0.115315803232747,-0.347196679327783,-0.346529110188704,-0.23838527649273,5,-0.245526760888104
"Fauquier-Strickland Twp","Nicole Lamontagne",536,0,500,387,1,1,10,0,0,0,0,NA,3,3,3,4,0,536,0.932835820895522,0,0,5.59701492537313,7.46268656716418,0,-0.236785156647013,-0.119350542858156,0.140358991419713,0.980687553096635,-0.23838527649273,5,0.10530511370369
"Fort Erie","Craig Shufelt",30710,0,7564,15569,3,3,119,3,0,0,0,22000,58,58,54,0,0,30710,0.246304135460762,0.0976880494952784,0,1.75838489091501,0,0,0.264874459416406,-0.119350542858156,-0.202113560369355,-0.366416952836759,-0.23838527649273,5,-0.132278374628119
"Fort Frances","Joan MacLean",7739,969,2517,4208,1,1,55,1,1,23,0,14800,38,35,35,3,5,8708,0.289044556729444,0.114836931557189,0.114836931557189,4.01929260450161,0.344510794671566,0.574184657785944,0.35293949537058,-0.0772957493234474,-0.000401275757146529,-0.304228618961561,-0.0823053067487394,5,-0.0222582910840629
"French River","Christine Charron",3150,386,850,3599,2,2,25,0,0,0,0,2200,16,7,16,0,12,3536,0.240384615384615,0,0,4.52488687782806,0,3.39366515837104,-0.236785156647013,-0.119350542858156,0.0447065255682529,-0.366416952836759,0.684110906672884,5,0.0012529559798417
"Front of Yonge Twp","Lisa Marston",2752,0,295,1250,1,1,21,0,0,0,0,1453,2,2,2,2,3,2752,0.10719476744186,0,0,0.726744186046512,0.726744186046512,1.09011627906977,-0.236785156647013,-0.119350542858156,-0.294153851190365,-0.235230903567083,0.0579398055997127,5,-0.165516129732581
"Gananoque","Deirdre Crichton",5159,0,2460,2546,1,1,30,0,1,0,0,3200,3,3,3,7,0,5159,0.476836596239581,0,0.193836014731537,0.581508044194611,1.35685210312076,0,-0.236785156647013,-0.0483652468511312,-0.307111440659922,-0.121488860848869,-0.23838527649273,5,-0.190427196299933
"Garden River FN","Irene Gray",1291,0,10,NA,1,1,35,1,0,0,0,NA,0,0,0,0,0,1291,0.00774593338497289,0.774593338497289,0,0,0,0,3.74100126455299,-0.119350542858156,-0.358992070466256,-0.366416952836759,-0.23838527649273,5,0.531571284379818
"Georgian Bay Twp","Tracey Fitchett",2063,0,784,5736,3,3,65,0,0,2,0,6000,13,13,11,12,3,2063,0.380029083858459,0,0,5.33204071740184,5.8167716917111,1.45419292292778,-0.236785156647013,-0.119350542858156,0.116718684240429,0.683580160852479,0.156906350224867,5,0.120213899162521
"Georgina","Valerie Stevens",52772,0,11384,19545,3,3,54,1,0,0,0,31500,36,7,25,13,0,52772,0.21572045781854,0.0189494428863791,0,0.473736072159479,0.246342757522929,0,-0.139473660592871,-0.119350542858156,-0.316726574690264,-0.321949128055891,-0.23838527649273,5,-0.227177036537982
"Gogama LSB","Sue Primeau",475,0,400,NA,1,1,35,0,0,0,0,NA,1,0,1,0,0,475,0.842105263157895,0,0,2.10526315789474,0,0,-0.236785156647013,-0.119350542858156,-0.171165986837569,-0.366416952836759,-0.23838527649273,5,-0.226420783134445
"Gore Bay Union","Johanna Allison",1700,90,680,1244,1,1,21,0,0,0,0,2000,1,0,1,0,0,1790,0.379888268156425,0,0,0.558659217877095,0,0,-0.236785156647013,-0.119350542858156,-0.309149953302219,-0.366416952836759,-0.23838527649273,5,-0.254017576427375
"Grand Valley Library Board","Joanne Stevenson",2846,5586,1713,4114,1,1,52,0,0,6,0,4300,5,3,3,10,0,8432,0.203154648956357,0,0,0.355787476280835,1.18595825426945,0,-0.236785156647013,-0.119350542858156,-0.327249640536124,-0.152337251941272,-0.23838527649273,5,-0.214821573695059
"Gravenhurst Public Library","Julia Reinhart",12310,0,4266,8563,1,1,50,1,1,0,0,8000,10,2,8,2,0,12310,0.346547522339561,0.0812347684809098,0.0812347684809098,0.649878147847279,0.16246953696182,0,0.180381559012548,-0.0896013030449762,-0.301011638476897,-0.337089251164123,-0.23838527649273,5,-0.157141182033236
"Greater Madawaska Twp","Ruth Jones",2518,0,527,2795,1,1,21,0,0,0,0,1457,3,3,3,2,0,2518,0.209293089753773,0,0,1.19142176330421,0.79428117553614,0,-0.236785156647013,-0.119350542858156,-0.252696530684334,-0.223039666264023,-0.23838527649273,5,-0.214051434589251
"Greater Sudbury","Brian Harding",161531,0,23402,75776,13,13,484,2,1,282,3,NA,121,18,121,27,0,161531,0.144876215710916,0.0123815242894553,0.00619076214472764,0.749082219512044,0.167150577907646,0,-0.173202039229685,-0.11708340440114,-0.292160910153011,-0.336244267083145,-0.23838527649273,5,-0.231415179471942
"Greenstone","Bridget Fortier",4636,0,1324,2930,4,4,74,2,4,0,0,9940,35,31,31,12,4,4636,0.285591026747196,0.431406384814495,0.862812769628991,6.68679896462468,2.58843830888697,0.862812769628991,1.97862565861149,0.196622832551887,0.237586678764206,0.100827233000363,-0.00384785172471097,5,0.501962910240646
"Grey Highlands","Jennifer Murley",9804,0,3194,5502,3,3,75.5,0,2,5,0,12000,9,9,9,2,0,9804,0.32578539371685,0,0.203998368013056,0.917992656058752,0.203998368013056,0,-0.236785156647013,-0.0446436595247735,-0.277091161907236,-0.329592798655797,-0.23838527649273,5,-0.22529961064551
"Grimsby","Kathryn Drury",27314,0,5823,10613,1,1,64,2,1,0,6,16000,18,4,14,10,0,27314,0.213187376436992,0.0732225232481511,0.0366112616240756,0.512557662737058,0.366112616240756,0,0.139236097637911,-0.105943017702549,-0.313263013714013,-0.300329230864483,-0.23838527649273,5,-0.163736888227173
"Guelph","Steven Kraft",131790,0,52727,57297,7,6,192,2,1,1,0,62852,78,78,78,256,1,131790,0.400083466120343,0.0151756582441763,0.00758782912208817,0.591850671522877,1.94248425525457,0.00758782912208817,-0.158853260907288,-0.116571780113636,-0.30618869844681,-0.0157752275803728,-0.236322685436458,5,-0.166742330496913
"Haldimand County","Paul Diette",45608,0,10836,20369,6,6,251,0,0,12,0,45950,30,8,22,0,7,45608,0.237589896509384,0,0,0.482371513769514,0,0.1534818452903,-0.236785156647013,-0.119350542858156,-0.315956143130706,-0.366416952836759,-0.196664479107558,5,-0.247034654916038
"Haliburton County","Chris Stephenson",18062,0,6908,21113,7,6,282,0,2,0,0,14580,34,28,28,10,5,18062,0.382460414129111,0,0.110729708780866,1.55021592293212,0.55364854390433,0.276824271952165,-0.236785156647013,-0.0787998682816703,-0.22068585231425,-0.266476744778363,-0.163136445990534,5,-0.193176813602366
"Halton Hills","Melanie Southern",61161,0,16719,22049,3,3,111,1,3,503,83,41373,26,22,22,32,0,61161,0.27336047481238,0.0163502885825935,0.0490508657477805,0.359706348817057,0.523209234642991,0,-0.152821155571668,-0.101387471189924,-0.326900008957782,-0.271971405487265,-0.23838527649273,5,-0.218293063539874
"Hamilton","Paul Takala",579000,0,134042,237200,43,23,1337,4,17,0,0,379574,530,80,407,43,0,579000,0.231506044905009,0.00690846286701209,0.0293609671848014,0.70293609671848,0.07426597582038,0,-0.201307973436173,-0.108598170810308,-0.296277946774519,-0.353011052727626,-0.23838527649273,5,-0.239516084048271
"Hanover","Agnes Rivers-Moore",7688,0,1336,3642,1,1,40,0,0,0,0,5500,5,5,5,0,0,7688,0.173777315296566,0,0,0.650364203954214,0,0,-0.236785156647013,-0.119350542858156,-0.300968273819777,-0.366416952836759,-0.23838527649273,5,-0.252381240530887
"Hastings Highlands Twp","Wendy Sue Keating",4075,0,813,1820,1,1,34,0,1,0,0,5150,9,5,5,4,0,4075,0.199509202453988,0,0.245398773006135,1.22699386503067,0.98159509202454,0,-0.236785156647013,-0.0294822871280356,-0.249522880621316,-0.189227255859999,-0.23838527649273,5,-0.188680571349819
"Havelock-Belmont-Methuen Twp","Sandra Harris",4535,0,1855,4359,2,2,27,0,0,0,0,3200,16,14,14,0,3,4535,0.409040793825799,0,0,3.08710033076075,0,0.661521499448732,-0.236785156647013,-0.119350542858156,-0.0835690371408382,-0.366416952836759,-0.0585646313067538,5,-0.172937264157904
"Hawkesbury","Nathalie St Jacques",10263,2952,1536,6790,1,1,45,0,0,0,0,8440,8,2,6,3,2,13215,0.116231555051078,0,0,0.454029511918275,0.227014755959137,0.151343170639425,-0.236785156647013,-0.119350542858156,-0.318484742555416,-0.325438064347525,-0.197245832632551,5,-0.239460867808132
"Head, Clara & Maria","Judy Zilney",206,0,89,350,1,1,7,0,0,0,0,500,6,2,6,4,0,206,0.432038834951456,0,0,29.126213592233,19.4174757281553,0,-0.236785156647013,-0.119350542858156,2.23957267876558,3.13867049949479,-0.23838527649273,5,0.956744440452495
"Hearst Twp","Julie Portelance",5070,680,750,2472,1,1,46,0,0,0,0,4800,5,1,5,0,0,5750,0.130434782608696,0,0,0.869565217391304,0,0,-0.236785156647013,-0.119350542858156,-0.281411731576146,-0.366416952836759,-0.23838527649273,5,-0.248469932082161
"Henvey Inlet FN","Debbie Fox",192,0,70,NA,1,1,31.5,0,0,0,0,1216,3,0,3,0,0,192,0.364583333333333,0,0,15.625,0,0,-0.236785156647013,-0.119350542858156,1.03502964396541,-0.366416952836759,-0.23838527649273,5,0.0148183430261501
"Hilton Union","Kim McHale",465,0,425,525,1,1,12,0,0,0,0,690,4,4,4,2,2,465,0.913978494623656,0,0,8.60215053763441,4.3010752688172,4.3010752688172,-0.236785156647013,-0.119350542858156,0.408469346511176,0.409978762410875,0.930771176436879,5,0.278616717170752
"Hornepayne Twp","Darnelle Hill",980,0,319,514,1,1,22.5,0,1,0,0,754,3,3,3,5,2,980,0.325510204081633,0,1.02040816326531,3.06122448979592,5.10204081632653,2.04081632653061,-0.236785156647013,0.254336336835966,-0.0858776121286241,0.554562658362602,0.316367530254483,5,0.160520751335483
"Huntsville","David Tremblay",15012,0,5649,10958,1,1,36,0,0,20,0,12000,14,3,9,3,0,15012,0.376298960831335,0,0,0.599520383693045,0.199840127897682,0,-0.236785156647013,-0.119350542858156,-0.305504426747056,-0.330343410911285,-0.23838527649273,5,-0.246073762731248
"Huron County","Beth Rumble",59297,3810,17211,29971,18,13,329,1,0,201,0,46613,98,16,83,9,26,63107,0.272727272727273,0.015846102651053,0,1.3152265200374,0.142614923859477,0.411998668927377,-0.155410312814012,-0.119350542858156,-0.241650993453231,-0.340673247159803,-0.126392141690577,5,-0.196695447595156
"Huron Shores","Terri Beharriell",1664,0,133,1253,1,1,12,0,2,0,0,2160,6,6,6,0,0,1664,0.0799278846153846,0,1.20192307692308,3.60576923076923,0,0,-0.236785156647013,0.320809483704632,-0.0372947517512568,-0.366416952836759,-0.23838527649273,5,-0.111614530804625
"Ignace","Susan Gagne",1202,0,238,596,1,1,10,0,2,0,0,5000,4,0,4,6,0,1202,0.198003327787022,0,1.66389351081531,3.32778702163062,4.99168053244592,0,-0.236785156647013,0.489989127857717,-0.0620955988402113,0.534641302379921,-0.23838527649273,5,0.0974728796515366
"Innisfil","Erin Scuccimarri",40784,0,23606,16579,4,4,125,3,4,55,0,36572,71,61,61,4,1,40784,0.578805413887799,0.0735582581404472,0.0980776775205963,1.49568458218909,0.0980776775205963,0.0245194193801491,0.140960204507057,-0.0834332084034441,-0.225550996193472,-0.348712754739949,-0.231720190299465,5,-0.149691389025855
"Iroquois Falls","Diane Gagnon",4537,0,488,2362,1,1,35,0,0,0,0,3500,NA,10,6,5,0,4537,0.10756006171479,0,0,1.32245977518184,1.10204981265153,0,-0.236785156647013,-0.119350542858156,-0.241005661310039,-0.167483732873044,-0.23838527649273,5,-0.200602074036196
"Iskatewizaagegan No. 39 FN","Irene Ross",328,0,25,NA,1,1,20,0,0,0,0,NA,6,0,6,0,0,328,0.0762195121951219,0,0,18.2926829268293,0,0,-0.236785156647013,-0.119350542858156,1.2730333513074,-0.366416952836759,-0.23838527649273,5,0.0624190844945484
"James Twp","Cyndi Stockman",460,0,426,264,1,1,12,1,0,0,0,2600,7,7,7,0,0,460,0.926086956521739,2.17391304347826,0,15.2173913043478,0,0,10.9269589080686,-0.119350542858156,0.998663860110669,-0.366416952836759,-0.23838527649273,5,2.24029399919833
"Kapuskasing","Julie Latimer",6989,0,1450,4076,1,1,44,0,NA,33,0,6400,14,10,14,7,0,6989,0.20746887966805,0,NA,2.00314780369151,1.00157390184576,0,-0.236785156647013,NA,-0.180276452190284,-0.18562084086573,-0.23838527649273,4,NA
"Kawartha Lakes, City of","Jamie Anderson",75423,0,15600,39934,16,16,331,0,0,0,0,36445,83,4,59,20,0,75423,0.206833459289607,0,0,0.782254749877358,0.265171101653342,0,-0.236785156647013,-0.119350542858156,-0.28920134358329,-0.318550385928767,-0.23838527649273,5,-0.240454541101991
"Kearney & Area","Brandi Nolan",686,0,157,1302,1,1,20,0,0,0,0,NA,4,4,4,0,0,686,0.228862973760933,0,0,5.83090379008746,0,0,-0.236785156647013,-0.119350542858156,0.161225945414948,-0.366416952836759,-0.23838527649273,5,-0.159942396683942
"Kenora City","Crystal Alcock",15096,0,3390,7544,3,3,67,1,2,0,3,13500,14,14,13,11,6,15096,0.22456279809221,0.0662427133015368,0.132485426603074,0.861155272919979,0.728669846316905,0.397456279809221,0.103392524180305,-0.0708326384993534,-0.282162044869599,-0.234883298773045,-0.130345182968829,5,-0.122966128186104
"Killaloe, Hagarty & Richards Twp","Nicole Zummach",2101,1271,1131,2840,1,1,27,0,0,0,1,2425,2,1,2,0,0,3372,0.335409252669039,0,0,0.593119810201661,0,0,-0.236785156647013,-0.119350542858156,-0.306075469206691,-0.366416952836759,-0.23838527649273,5,-0.25340267960827
"King Twp","Ashley Nunn-Smith",24916,0,4777,9510,4,3,231,5,1,0,0,25819,22,22,22,13,0,24916,0.191724193289453,0.200674265532188,0.0401348531064376,0.882966768341628,0.521753090383689,0,0.793741868110011,-0.104652632194316,-0.28021608018211,-0.272234257005327,-0.23838527649273,5,-0.0203492755528943
"Kingston-Frontenac County","Laura Carter",149920,0,34841,73719,16,16,376,8,1,0,0,127387,117,10,107,10,0,149920,0.232397278548559,0.0533617929562433,0.00667022411953042,0.713713980789755,0.0667022411953042,0,0.0372448470759965,-0.11690781912483,-0.295316372090936,-0.354376397620972,-0.23838527649273,5,-0.193548203650694
"Kirkland Lake","Cheryl Lafreniere",7981,0,870,4685,1,1,43,0,1,1,0,28500,8,2,8,10,5,7981,0.109008896128305,0,0.125297581756672,1.00238065405338,1.25297581756672,0.626487908783361,-0.236785156647013,-0.0734649217454832,-0.269562285002153,-0.140239777301018,-0.0680877728552572,5,-0.157627982710185
"Kitchener","Mary Chevreau",261610,0,78046,98820,5,5,325,7,5,5,0,155214,217,21,64,132,0,261610,0.298329574557547,0.0267573869500401,0.0191124192500287,0.244638966400367,0.504567868200757,0,-0.0993773515616403,-0.112351323751466,-0.33716602045933,-0.275336395897231,-0.23838527649273,5,-0.212523273632479
"La Nation","Jeanne Leroux",12808,0,3482,5107,3,3,73.5,0,0,0,0,6894,8,8,8,0,0,12808,0.271861336664585,0,0,0.624609618988132,0,0,-0.236785156647013,-0.119350542858156,-0.303266030663866,-0.366416952836759,-0.23838527649273,5,-0.252840791899705
"Lake of Bays Twp","Cathy Fairbairn",2479,0,4193,4937,2,2,60,0,0,0,0,6368,14,11,11,4,1,2479,1.69140782573618,0,0,4.43727309398951,1.61355385235982,0.403388463089956,-0.236785156647013,-0.119350542858156,0.036889852470368,-0.0751511137160252,-0.128732644259517,5,-0.104625921002069
"Lambton County","Ron Van Horne",126638,0,16563,59777,25,25,724,4,2,54,0,83243,106,0,106,0,30,126638,0.130790126186453,0.0315860958006286,0.0157930479003143,0.837031538716657,0,0.236895718504714,-0.0745803754669819,-0.113566921163242,-0.284314301465606,-0.366416952836759,-0.173990179766755,5,-0.202573746139869
"Lanark Highlands","Amanda Robinson",5338,0,576,3806,1,1,15,0,0,0,0,2575,5,3,4,1,0,5338,0.107905582615212,0,0,0.749344323716748,0.187336080929187,0,-0.236785156647013,-0.119350542858156,-0.292137525900032,-0.332600541485115,-0.23838527649273,5,-0.243851808676609
"Larder Lake Public Library","Patricia Bodick",730,0,185,466,1,1,16,0,0,0,0,358,4,1,4,4,4,730,0.253424657534247,0,0,5.47945205479452,5.47945205479452,5.47945205479452,-0.236785156647013,-0.119350542858156,0.129870338978273,0.62268991727324,1.25108801285595,5,0.329502513920459
"Laurentian Hills","Maureen Bakewell",2961,0,134,1498,2,2,18,0,2,0,0,3012,2,0,2,0,0,2961,0.0452549814251942,0,0.675447483958122,0.675447483958122,0,0,-0.236785156647013,0.128007202565849,-0.298730409052122,-0.366416952836759,-0.23838527649273,5,-0.202462118492555
"Leeds and the Thousand Islands Twp","Dayna DeBenedet",9465,0,908,5950,3,3,59,0,0,0,0,4645,10,10,10,6,5,9465,0.095932382461701,0,0,1.05652403592182,0.63391442155309,0.528262017960909,-0.236785156647013,-0.119350542858156,-0.264731753801041,-0.251987790367615,-0.0947884062834675,5,-0.193528729991458
"Lennox and Addington County","Catherine Coles",42888,0,6701,19684,5,5,168,0,0,0,0,18013,41,41,39,10,0,42888,0.156244170863645,0,0,0.909345271404589,0.233165454206305,0,-0.236785156647013,-0.119350542858156,-0.277862658994016,-0.32432778948219,-0.23838527649273,5,-0.239342284894821
"Lincoln","Julie Andrews",23787,0,6263,9305,2,2,102,1,1,0,10,13754,18,4,18,10,0,23787,0.263295077142977,0.0420397696220625,0.0420397696220625,0.756715853197125,0.420397696220625,0,-0.020897391490869,-0.10395502673169,-0.291479857281522,-0.290530122301141,-0.23838527649273,5,-0.18904953485959
"London","Michael Ciccone",393167,0,154073,176859,16,16,624,5,1,46,0,337866,323,36,287,0,0,393167,0.391876734313918,0.0127172422914436,0.00254344845828872,0.729969707528862,0,0,-0.171478019097712,-0.118419098606476,-0.293866078583212,-0.366416952836759,-0.23838527649273,5,-0.237713085123378
"Loring, Port Loring and District Local Services Board","George Walters",700,0,450,NA,10,10,10,0,0,0,0,NA,2,2,2,6,2,700,0.642857142857143,0,0,2.85714285714286,8.57142857142857,2.85714285714286,-0.236785156647013,-0.119350542858156,-0.104085242684466,1.18082879397817,0.538268652953368,5,0.25177530094838
"M'Chigeeng FN","Joanne Debassige",935,0,144,NA,1,1,37.5,0,0,0,0,1290,1,0,0,0,2,935,0.154010695187166,0,0,0,0,2.13903743315508,-0.236785156647013,-0.119350542858156,-0.358992070466256,-0.366416952836759,0.343066863199536,5,-0.14769557192173
"Madawaska Valley Twp","Karen Filipkowski",3683,1271,826,4385,1,1,29,0,0,0,0,3500,3,1,2,0,0,4954,0.166733952361728,0,0,0.40371417036738,0,0,-0.236785156647013,-0.119350542858156,-0.322973745991639,-0.366416952836759,-0.23838527649273,5,-0.256782334965259
"Magnetawan FN","Wanda Noganosh",75,0,20,NA,1,1,15,0,0,0,0,480,4,0,4,4,2,75,0.266666666666667,0,0,53.3333333333333,53.3333333333333,26.6666666666667,-0.236785156647013,-0.119350542858156,4.39926871479383,9.2608899162339,7.01038473167085,5,4.06288153263868
"Magnetawan Twp","Lorinda Makoviczki",1214,0,968,2062,1,1,26,1,1,0,0,1628,6,1,6,0,0,1214,0.797364085667216,0.823723228995058,0.823723228995058,4.94233937397035,0,0,3.9932990853375,0.182307729053079,0.0819505476076804,-0.366416952836759,-0.23838527649273,5,0.730551026533755
"Manitouwadge","Elizabeth Bierworth",1698,0,560,1214,1,1,36,1,1,0,0,2368,5,5,5,0,2,1698,0.32979976442874,0.588928150765607,0.588928150765607,2.94464075382803,0,1.17785630153121,2.7875506912736,0.0963226857050006,-0.0962789087359073,-0.366416952836759,0.0817900772247424,5,0.500593518526136
"Marathon","Chantal Gingras",3273,0,1452,1669,1,1,37,1,1,0,0,2400,6,1,6,10,0,3273,0.443629697525206,0.305530094714329,0.305530094714329,1.83318056828598,3.05530094714329,0,1.33221034282418,-0.00746140686663737,-0.195440485271707,0.185101543329067,-0.23838527649273,5,0.215204943504434
"Markham","Catherine Biss",349007,0,89668,101401,4,4,208.72,8,3,0,0,151401,217,25,184,0,0,349007,0.256923213574513,0.0229221763460332,0.00859581612976244,0.527210055958763,0,0,-0.119072393985652,-0.116202642024359,-0.311955765437568,-0.366416952836759,-0.23838527649273,5,-0.230406606155414
"Markstay-Warren","Pamela Kelly",2301,0,676,1352,2,2,30,0,5,0,0,2010,6,6,6,0,5,2301,0.293785310734463,0,2.17296827466319,2.60756192959583,0,2.17296827466319,-0.236785156647013,0.676418996690387,-0.126352201565014,-0.366416952836759,0.352290245684876,5,0.0598309862652953
"Marmora and Lake Twp","Kathy Farrell",3092,0,634,2700,1,1,26,0,0,0,10,1000,7,7,7,0,0,3092,0.205045278137128,0,0,2.26390685640362,0,0,-0.236785156647013,-0.119350542858156,-0.157012210160504,-0.366416952836759,-0.23838527649273,5,-0.223590027799032
"Mattawa","Gabrielle Lahaie",2114,1649,888,1999,1,1,15,0,0,0,2,1935,5,0,5,4,2,3763,0.235981929311719,0,0,1.32872707945788,1.0629816635663,0.531490831783152,-0.236785156647013,-0.119350542858156,-0.240446508781927,-0.174536002748984,-0.0939107214535942,5,-0.173005786497935
"Mattice-Val Cote Twp","Michelle Salonen",623,0,168,374,1,1,25,0,1,0,0,2880,6,4,4,4,0,623,0.269662921348315,0,1.60513643659711,6.42054574638844,6.42054574638844,0,-0.236785156647013,0.468471515087654,0.213832261627654,0.792568625301763,-0.23838527649273,5,0.199940393775466
"McGarry Twp","Erika Baillargeon",609,0,57,294,1,1,10,0,0,0,0,NA,3,0,3,0,0,609,0.0935960591133005,0,0,4.92610837438424,0,0,-0.236785156647013,-0.119350542858156,0.0805024601920025,-0.366416952836759,-0.23838527649273,5,-0.176087093728531
"McKellar Twp","Terri Short",1093,0,217,1537,1,1,20,0,0,0,0,17075,5,5,5,4,2,1093,0.198536139066789,0,0,4.57456541628545,3.65965233302836,1.82982616651418,-0.236785156647013,-0.119350542858156,0.0491387150947068,0.294194222991511,0.259014312356555,5,0.0492423101875208
"Meaford","Rob Armstrong",10991,0,5239,5713,1,1,48,0,1,483,8,9996,12,1,11,12,1,10991,0.476662724046947,0,0.0909835319807115,1.00081885178783,1.09180238376854,0.0909835319807115,-0.236785156647013,-0.0860311777321217,-0.269701624923549,-0.169333516794461,-0.213653325323034,5,-0.195100960284036
"Merrickville-Wolford","Mary Kate Laphen",3067,2891,975,2960,1,1,32.5,0,0,18,0,3600,4,4,4,0,1,5958,0.163645518630413,0,0,0.671366230278617,0,0.167841557569654,-0.236785156647013,-0.119350542858156,-0.299094527852207,-0.366416952836759,-0.192761094668941,5,-0.242881654972615
"Michipicoten FN","Lee-Ann Andre-Swanson",66,0,50,NA,1,1,37.5,0,3,0,0,3000,3,0,3,0,0,66,0.757575757575758,0,45.4545454545455,45.4545454545455,0,0,-0.236785156647013,16.5267013707891,3.69634382606222,-0.366416952836759,-0.23838527649273,5,3.87629156217496
"Middlesex County Library","Lindsay Brock",73887,0,16789,28126,16,15,437.5,2,2,0,0,67189,119,119,119,0,0,73887,0.227225357640722,0.0270683611460744,0.0270683611460744,1.61056748819143,0,0,-0.0977803988474219,-0.109437753271348,-0.21530144319608,-0.366416952836759,-0.23838527649273,5,-0.205464364928868
"Midland","Trish Hayes",16894,32565,6750,28617,1,1,55,2,2,48,26,22700,16,6,16,0,0,49459,0.136476677652197,0.0404375341191694,0.0404375341191694,0.323500272953355,0,0,-0.0291253871502906,-0.104541786429589,-0.330130220538477,-0.366416952836759,-0.23838527649273,5,-0.213719924689569
"Milton","Mark Williams",120500,0,86300,36555,3,3,177,2,1,0,2,NA,122,12,122,68,0,120500,0.716182572614108,0.016597510373444,0.00829875518672199,1.01244813278008,0.564315352697095,0,-0.151551592003541,-0.116311429645706,-0.268664090829058,-0.264551257749082,-0.23838527649273,5,-0.207892729344023
"Mississauga","Rona O'Banion",779100,0,136519,251900,18,18,720,11,3,4556,0,342043,140,24,140,130,0,779100,0.175226543447568,0.0141188550892055,0.00385059684251059,0.179694519317161,0.166859196508792,0,-0.164280285683772,-0.117940403689499,-0.342960194505138,-0.336296864923321,-0.23838527649273,5,-0.239972605058892
"Mississaugas of Scugog Island FN","Monica McLean",48,0,106,NA,1,1,35,0,0,0,0,518,4,0,4,0,0,48,2.20833333333333,0,0,83.3333333333333,0,0,-0.236785156647013,-0.119350542858156,7.07579040650262,-0.366416952836759,-0.23838527649273,5,1.22297049553359
"Mississippi Mills","Christine Row",13163,0,4250,5897,2,2,72,1,1,0,0,12530,12,12,12,13,0,13163,0.322874724606853,0.0759705234369065,0.0759705234369065,0.911646281242878,0.987616804679784,0,0.153347964204556,-0.0915291387633263,-0.277657368902516,-0.188140264442322,-0.23838527649273,5,-0.128472816879268
"Mohawks of the Bay of Quinte FN","Haley Brant",2167,0,122,NA,1,1,20,0,0,0,0,7497,9,9,9,2,0,2167,0.0562990309183203,0,0,4.15320719889248,0.922934933087217,0,-0.236785156647013,-0.119350542858156,0.0115462348003051,-0.199816118692712,-0.23838527649273,5,-0.156558171978061
"Moonbeam Twp","Gisele Belisle",1231,0,309,768,1,1,29.5,0,0,0,0,2400,6,1,5,8,0,1231,0.251015434606011,0,0,4.06173842404549,6.49878147847279,0,-0.236785156647013,-0.119350542858156,0.00338562946723891,0.806691114068683,-0.23838527649273,5,0.0431111535076045
"Muskoka Lakes Twp","Cathy Duck",6588,0,1163,10140,2,2,47,0,0,0,0,8512,11,2,5,3,0,6588,0.176533090467517,0,0,0.758955676988464,0.455373406193078,0,-0.236785156647013,-0.119350542858156,-0.291280026049418,-0.284216586809858,-0.23838527649273,5,-0.234003517771435
"Naotkamegwanning FN","Lavonne Kabestra",753,0,353,NA,1,1,35,0,0,0,0,NA,7,0,7,0,0,753,0.468791500664011,0,0,9.29614873837981,0,0,-0.236785156647013,-0.119350542858156,0.470386054454575,-0.366416952836759,-0.23838527649273,5,-0.0981103748760167
"New Tecumseth","Jessica Mole",34242,23884,17070,22407,3,3,145,2,1,20,0,15318,29,5,24,0,3,58126,0.293672366927021,0.034408010184771,0.0172040050923855,0.412896122217252,0,0.0516120152771565,-0.0600889356867131,-0.113050210096565,-0.322154556215026,-0.366416952836759,-0.224355640427658,5,-0.217213259052544
"Newmarket","Tracy Munusami",89802,0,23589,29756,1,1,53.5,6,1,29,1,35000,50,12,34,19,0,89802,0.262677891360994,0.0668136567114318,0.0111356094519053,0.37861072136478,0.211576579586201,0,0.106324502587917,-0.115272536331572,-0.325213410184711,-0.328224840499546,-0.23838527649273,5,-0.180154312184129
"Niagara Falls","Alicia Subnaik Kilgour",88071,0,41309,37030,11,4,251,2,1,2,64,60717,46,8,46,0,0,88071,0.469042022913331,0.0227089507329314,0.0113544753664657,0.522305866857422,0,0,-0.120167376225099,-0.115192384757303,-0.312393304387901,-0.366416952836759,-0.23838527649273,5,-0.230511058939958
"Niagara-on-the-Lake","Catherine Simpson",17511,0,8410,7026,3,1,302,1,1,0,0,10000,29,29,29,16,0,17511,0.480269544857518,0.0571069613385872,0.0571069613385872,1.65610187881903,0.913711381417395,0,0.0564774936738823,-0.0984372231105548,-0.211238983721629,-0.201481080486739,-0.23838527649273,5,-0.138613014027554
"Nipigon Twp","Sumiye Sugawara",1642,0,498,804,1,1,27,0,1,0,0,2048,2,2,2,0,0,1642,0.303288672350792,0,0.609013398294762,1.21802679658952,0,0,-0.236785156647013,0.103678167312514,-0.250322899061108,-0.366416952836759,-0.23838527649273,5,-0.197646423545019
"Nipissing FN","Randy Penasse",986,0,74,NA,1,1,50,0,0,0,0,NA,10,0,10,11,0,986,0.0750507099391481,0,0,10.1419878296146,11.1561866125761,0,-0.236785156647013,-0.119350542858156,0.545849610300747,1.64740864731113,-0.23838527649273,5,0.319747456322797
"Norfolk County","Julie Kent",64044,0,23209,30213,5,5,194,3,8,483,0,50991,150,14,142,74,9,64044,0.362391480856911,0.0468427955780401,0.12491412154144,2.21722565736056,1.15545562425832,0.14052838673412,0.0037676946631424,-0.0736053499157736,-0.161176984888295,-0.1578433428056,-0.200185603178209,5,-0.117808717224947
"North Bay","Ravil Veli",51553,0,49344,22614,1,1,58,0,0,0,0,35000,18,5,12,0,0,51553,0.957150893255485,0,0,0.232770158865633,0,0,-0.236785156647013,-0.119350542858156,-0.338224924486711,-0.366416952836759,-0.23838527649273,5,-0.259832570664274
"North Grenville Twp","Rachel Brown",16451,0,6361,7077,2,2,59,0,0,15,0,10700,9,9,9,3,2,16451,0.386663424715823,0,0,0.547079204911555,0.182359734970519,0.121573156647012,-0.236785156647013,-0.119350542858156,-0.31018309183197,-0.333498831665692,-0.205338182053956,5,-0.241031161011358
"North Kawartha Twp","Debbie Hall",2145,0,3985,3949,2,2,47,0,0,0,0,5900,3,0,3,0,0,2145,1.85780885780886,0,0,1.3986013986014,0,0,-0.236785156647013,-0.119350542858156,-0.234212504419226,-0.366416952836759,-0.23838527649273,5,-0.239030086650777
"North Perth","Rebecca Dechert Sage",13130,0,2207,5807,3,3,78,1,0,0,0,11130,15,4,15,0,0,13130,0.168088347296268,0.0761614623000762,0,1.14242193450114,0,0,0.154328496800755,-0.119350542858156,-0.257068167507049,-0.366416952836759,-0.23838527649273,5,-0.165378488578788
"Northeastern Manitoulin and the Islands","Kathy Berry",2029,0,601,2313,1,1,37,0,0,0,5,3749,4,4,4,26,0,2029,0.296205027106949,0,0,1.9714144898965,12.8141941843273,0,-0.236785156647013,-0.119350542858156,-0.183107615614356,1.94669891639535,-0.23838527649273,5,0.233814064956619
"Oakville","Tara Wong",211000,0,49109,73164,10,7,353,8,2,9,0,100935,56,56,38,24,0,211000,0.232744075829384,0.037914691943128,0.00947867298578199,0.180094786729858,0.113744075829384,0,-0.0420809947600293,-0.115879328241092,-0.342924483691385,-0.345884781788978,-0.23838527649273,5,-0.217030972994843
"Ojibways of Onigaming FN","Miranda Shebagegit",473,0,1,NA,1,1,20,0,0,0,0,NA,4,0,4,0,0,473,0.00211416490486258,0,0,8.45665961945032,0,0,-0.236785156647013,-0.119350542858156,0.395489026562298,-0.366416952836759,-0.23838527649273,5,-0.113089780454472
"Oliver Paipoonge","maxine mcculloch",5922,4011,653,4335,2,2,48,0,0,0,0,3266,10,10,10,20,0,9933,0.0657404610892983,0,0,1.0067451927917,2.01349038558341,0,-0.236785156647013,-0.119350542858156,-0.269172892248571,-0.00295776871298015,-0.23838527649273,5,-0.17333032739189
"Opasatika","Alain Tremblay",226,0,140,132,1,1,10,0,0,0,0,NA,3,0,3,3,0,226,0.619469026548673,0,0,13.2743362831858,13.2743362831858,0,-0.236785156647013,-0.119350542858156,0.825309563033211,2.02976008869078,-0.23838527649273,5,0.452109735145219
"Orangeville","Darla Fraser",29986,0,4878,11065,2,2,74,0,0,0,0,17635,12,5,7,0,0,29986,0.162675915427199,0,0,0.233442273060762,0,0,-0.236785156647013,-0.119350542858156,-0.338164960212625,-0.366416952836759,-0.23838527649273,5,-0.259820577809457
"Orillia","Bessie Sullivan",31128,21035,17768,25805,1,1,59,1,1,21,0,47000,24,10,14,15,0,52163,0.340624580641451,0.0191706765331749,0.0191706765331749,0.268389471464448,0.287560147997623,0,-0.138337554519659,-0.112329989168754,-0.335047062392895,-0.3145088943101,-0.23838527649273,5,-0.227721755376828
"Oshawa","Frances Newman",172000,0,41569,65534,4,4,184,7,1,0,22,95085,79,13,66,8,0,172000,0.24168023255814,0.0406976744186046,0.00581395348837209,0.383720930232558,0.0465116279069767,0,-0.0277894828773364,-0.117221396683154,-0.324757490688586,-0.3580210456835,-0.23838527649273,5,-0.213234938485061
"Otonabee-South Monaghan Twp","Carolanne Nadeau",6670,0,557,2591,3,3,46.5,0,1,2,0,5272,6,6,6,0,4,6670,0.0835082458770615,0,0.149925037481259,0.899550224887556,0,0.599700149925037,-0.236785156647013,-0.0644460238026475,-0.278736547476487,-0.366416952836759,-0.0753694592176872,5,-0.204350827996119
"Ottawa","Danielle McDonald",934243,0,271399,422327,59,33,1684.75,2,2,0,0,424164,718,718,718,279,0,934243,0.290501507637735,0.00214077065602846,0.00214077065602846,0.768536665514219,0.298637506515971,0,-0.225791609422642,-0.118566564509696,-0.290425235262178,-0.312509298127197,-0.23838527649273,5,-0.237135596762888
"Owen Sound & North Grey Union","Tim Nicholls Harrison",34585,0,7474,18917,1,1,51,2,1,0,0,22582,13,13,9,35,0,34585,0.216105247939858,0.0578285383836924,0.0289142691918462,0.260228422726616,1.01199942171462,0,0.0601830243429653,-0.108761757485878,-0.335775169858691,-0.183738909383597,-0.23838527649273,5,-0.161295617775586
"Oxford County","Lisa Marie Williams",68077,0,16551,29440,14,14,354,0,0,47,45,45884,73,8,73,15,0,68077,0.243121759184453,0,0,1.07231517252523,0.220338734080526,0,-0.236785156647013,-0.119350542858156,-0.263322909812515,-0.326643166434213,-0.23838527649273,5,-0.236897410448926
"Parry Sound","Rita Orr",6321,4538,3210,10659,1,1,23,0,0,17,0,NA,5,1,4,0,0,10859,0.295607330325076,0,0,0.368358044018786,0,0,-0.236785156647013,-0.119350542858156,-0.3261281272952,-0.366416952836759,-0.23838527649273,5,-0.257413211225972
"Pelham","Amy Guilmette",17110,0,5560,7104,3,2,165,1,1,0,0,13300,16,16,16,10,3,17110,0.324956165984804,0.0584453535943893,0.0584453535943893,0.935125657510228,0.584453535943892,0.175336060783168,0.0633505692307894,-0.0979470862771949,-0.275562600239604,-0.26091607393841,-0.190723872289434,5,-0.152359812702771
"Pembroke","Karthi Rajamani",11174,8137,2854,10545,1,1,35,1,1,164,0,10000,11,11,11,7,0,19311,0.147791414219875,0.0517839573300192,0.0517839573300192,0.569623530630211,0.362487701310134,0,0.0291421526466123,-0.100386577133945,-0.308171745938273,-0.300983571522196,-0.23838527649273,5,-0.183757003688106
"Penetanguishene","Linda Keenan",8962,11787,4297,13391,2,2,64,0,0,0,0,12340,9,5,9,16,2,20749,0.207094317798448,0,0,0.433755843655116,0.771121499831317,0.0963901874789146,-0.236785156647013,-0.119350542858156,-0.320293506317977,-0.227220265732745,-0.212183640239789,5,-0.223166622359136
"Perry Twp","Annette Gilpin",2454,0,188,1726,1,1,34,0,1,0,0,2500,8,1,6,1,12,2454,0.0766096169519152,0,0.407497962510187,2.44498777506112,0.407497962510187,4.88997555012225,-0.236785156647013,0.0298805663921456,-0.140856643269125,-0.292858679081635,1.0908512775715,5,0.0900462729931736
"Perth and District Union","Erika Heesen",22330,0,5392,12380,1,1,47,1,1,369,0,9500,15,2,12,9,12,22330,0.241468875951635,0.0447828034034931,0.0447828034034931,0.537393640841917,0.403045230631438,0.537393640841917,-0.00681102902635931,-0.102950491711705,-0.311047212576265,-0.29366245063543,-0.0923061675060033,5,-0.161355470291153
"Perth East","Kendra Roth",12261,0,833,4080,1,1,41,0,1,0,0,5655,7,1,6,3,0,12261,0.0679389935568061,0,0.0815594160345812,0.489356496207487,0.244678248103744,0,-0.236785156647013,-0.0894824128442711,-0.315332961230325,-0.322249591986484,-0.23838527649273,5,-0.240447079840165
"Petawawa","Lisa Worobec",17187,0,2058,7034,1,1,55,0,0,62,0,1200,10,2,8,0,0,17187,0.119741665212079,0,0,0.46546808634433,0,0,-0.236785156647013,-0.119350542858156,-0.317464222802964,-0.366416952836759,-0.23838527649273,5,-0.255680430327524
"Peterborough","Jennifer Jones",82094,0,20200,36066,3,2,240,0,0,0,0,33412,35,9,26,0,0,82094,0.246059395327308,0,0,0.316710112797525,0,0,-0.236785156647013,-0.119350542858156,-0.330736020903386,-0.366416952836759,-0.23838527649273,5,-0.258334789947609
"Phelps","Beverly Reynolds",1500,0,134,NA,1,1,5,0,0,0,0,1000,4,2,4,0,0,1500,0.0893333333333333,0,0,2.66666666666667,0,0,-0.236785156647013,-0.119350542858156,-0.121079031203252,-0.366416952836759,-0.23838527649273,5,-0.216403392007582
"Pickering","Jackie Flowers",96049,0,33855,31707,3,3,102,4,1,0,0,46140,50,5,50,10,0,96049,0.352476340201356,0.0416454101552333,0.0104113525388083,0.520567626940416,0.104113525388083,0,-0.0229225544431713,-0.115537768731405,-0.31254838561601,-0.347623211746787,-0.23838527649273,5,-0.207403439406021
"Port Colborne","Scott Luey",18306,0,5486,10304,1,1,53,0,1,0,6,23116,17,3,13,2,0,18306,0.299683163989949,0,0.0546268982847154,0.7101496777013,0.109253796569431,0,-0.236785156647013,-0.0993454547941199,-0.295634369908672,-0.346695331095792,-0.23838527649273,5,-0.243369117787665
"Port Hope","Margaret Scott",16753,0,11778,7305,1,1,38,0,1,0,0,19300,10,2,8,0,0,16753,0.703038261803856,0,0.0596908016474661,0.477526413179729,0,0,-0.236785156647013,-0.097490986832355,-0.316388410358275,-0.366416952836759,-0.23838527649273,5,-0.251093356633427
"Powassan & District Union Public Library","Marie Rosset",5658,590,1001,3471,1,1,24,0,0,121,2,10000,8,1,7,9,6,6248,0.160211267605634,0,0,1.12035851472471,1.4404609475032,0.960307298335467,-0.236785156647013,-0.119350542858156,-0.259036608227878,-0.106396460814404,0.0226539763620722,5,-0.139782958437076
"Prescott","Jane McGuire",4222,0,1343,2211,1,1,36,0,1,0,0,6000,10,10,10,3,0,4222,0.318095689246802,0,0.236854571293226,2.36854571293226,0.710563713879678,0,-0.236785156647013,-0.0326112860840582,-0.147676604517354,-0.238151673020268,-0.23838527649273,5,-0.178721999352285
"Prince Edward County","Barbara Sweet",24735,0,8621,13645,6,6,134,3,1,108,0,11475,10,10,10,34,2,24735,0.348534465332525,0.121285627653123,0.040428542551041,0.40428542551041,1.3745704467354,0.0808570851020821,0.386055628043005,-0.104545079260006,-0.322922780098912,-0.118290487139062,-0.216405985988899,5,-0.0752217408887745
"Prince Twp Public Library","Rita Wagner",1010,0,253,459,1,1,20,0,1,8,0,1652,6,5,5,3,0,1010,0.25049504950495,0,0.99009900990099,4.95049504950495,2.97029702970297,0,-0.236785156647013,0.243236726548022,0.0826781756903107,0.169757315861483,-0.23838527649273,5,0.00410035699201444
"Quinte West","Suzanne Humphreys",43577,0,7258,17830,2,2,81,1,0,157,0,21883,13,5,8,11,0,43577,0.166555751887464,0.0229478853523648,0,0.183583082818918,0.252426738876013,0,-0.118940369952904,-0.119350542858156,-0.342613267019736,-0.320850896390794,-0.23838527649273,5,-0.228028070542864
"Rainy River","Michael Dawber",619,1068,490,1663,1,1,18,0,0,0,0,1770,3,3,3,8,0,1687,0.29045643153527,0,0,1.778304682869,4.742145820984,0,-0.236785156647013,-0.119350542858156,-0.200336368527383,0.489597291597502,-0.23838527649273,5,-0.061052010585556
"Ramara Twp","Janet Banfield",9488,0,1717,6028,2,2,58,0,0,0,0,2209,20,14,14,8,0,9488,0.180965430016863,0,0,1.47554806070826,0.843170320404722,0,-0.236785156647013,-0.119350542858156,-0.227347524078106,-0.214214588759968,-0.23838527649273,5,-0.207216617767195
"Red Lake","Lisa Johnson",4107,0,613,1938,2,2,38,0,1,0,0,NA,13,4,13,2,2,4107,0.149257365473582,0,0.243486729973216,3.16532748965181,0.486973459946433,0.486973459946433,-0.236785156647013,-0.0301825024149515,-0.0765898142190821,-0.278512397786808,-0.106011828571554,5,-0.145616339927882
"Red Rock Twp","Nancy Carrier",895,0,424,444,1,1,26,0,0,0,0,2850,4,1,4,6,0,895,0.473743016759777,0,0,4.46927374301676,6.70391061452514,0,-0.236785156647013,-0.119350542858156,0.039744866846041,0.843719385454245,-0.23838527649273,5,0.0577886552604775
"Renfrew","Kelly Thompson",6466,0,3304,3979,1,1,50.5,0,1,2,0,6562,18,8,8,10,0,6466,0.510980513454995,0,0.154655119084442,1.23724095267553,1.54655119084442,0,-0.236785156647013,-0.0627138057563556,-0.248608662209372,-0.0872458984057742,-0.23838527649273,5,-0.174747759902249
"Richmond Hill","Darren Solomon",215316,0,48684,67627,4,4,223.5,4,3,9,0,102000,150,14,81,50,0,215316,0.226104887699939,0.0185773467833324,0.0139330100874993,0.376191272362481,0.232216834791655,0,-0.141384493997341,-0.114248091455098,-0.325429267109266,-0.324499026673568,-0.23838527649273,5,-0.228789231145601
"Rideau Lakes Public Library","Vicki Stevenson",9050,0,2646,7703,5,5,77,1,1,108,2,8629,13,11,11,8,0,9050,0.292375690607735,0.110497237569061,0.110497237569061,1.21546961325967,0.883977900552486,0,0.330653768189363,-0.0788850022945933,-0.250551044282843,-0.206848330697466,-0.23838527649273,5,-0.088803177115654
"Russell","France Séguin",16520,0,8380,6476,2,2,96,2,0,0,0,8514,14,12,12,5,0,16520,0.50726392251816,0.121065375302663,0,0.726392251815981,0.302663438256659,0,0.384924561242721,-0.119350542858156,-0.294185249843767,-0.311782569121543,-0.23838527649273,5,-0.115755815414695
"Sables-Spanish Rivers Twp","Rashed Ahmad",3215,0,1521,1885,2,2,57,0,1,6,0,6000,12,4,12,6,2,3215,0.473094867807154,0,0.31104199066874,3.73250388802488,1.86625194401244,0.622083981337481,-0.236785156647013,-0.00544287813024295,-0.025987816443389,-0.0295360748366195,-0.0692848874998006,5,-0.0734073627114131
"Sagamok Anishnawbek FN","Colleen Eshkakogan",1610,0,81,NA,1,1,35,0,0,0,0,1500,4,4,4,3,0,1610,0.0503105590062112,0,0,2.48447204968944,1.86335403726708,0,-0.236785156647013,-0.119350542858156,-0.137333959351656,-0.0300591817900358,-0.23838527649273,5,-0.152382823427918
"Saugeen FN","Melissa Root",801,0,124,NA,1,1,35,0,1,20,0,3000,6,0,6,7,0,801,0.154806491885144,0,1.24843945068664,7.49063670411985,8.73907615480649,0,-0.236785156647013,0.337844391099696,0.309302983643306,1.21109119518512,-0.23838527649273,5,0.276613627357675
"Sault Ste. Marie","Matthew MacDonald",73879,8341,21241,36413,2,2,79,1,1,0,0,44600,12,0,12,0,0,82220,0.258343468742398,0.0121624908781318,0.0121624908781318,0.145949890537582,0,0,-0.174326846384678,-0.11489647885791,-0.345970802202044,-0.366416952836759,-0.23838527649273,5,-0.247999271354824
"Schreiber Twp","Donna Mikeluk",1059,100,667,649,1,1,36,0,2,0,0,2700,4,0,4,30,0,1159,0.575496117342537,0,1.72562553925798,3.45125107851596,25.8843830888697,0,-0.236785156647013,0.51259620796193,-0.0510804579602113,4.30602490553446,-0.23838527649273,5,0.858474044479287
"Scugog Memorial","Amy Caughlin",17382,0,3747,8778,1,1,57,0,0,0,0,16000,29,27,27,7,0,17382,0.215567828788402,0,0,1.55333103210217,0.40271545276723,0,-0.236785156647013,-0.119350542858156,-0.220407930405394,-0.293721979498506,-0.23838527649273,5,-0.22173017718036
"Seguin Twp","Stefanie Veneranda",4305,0,1029,5050,4,4,30,0,0,0,0,NA,16,16,16,4,4,4305,0.239024390243902,0,0,3.71660859465738,0.929152148664344,0.929152148664344,-0.236785156647013,-0.119350542858156,-0.0274059530265294,-0.198693836650859,0.0141851070669764,5,-0.113610076423116
"Seine River FN","Glenda Potson",360,0,13,NA,1,1,24,0,0,0,0,NA,4,4,4,3,3,360,0.0361111111111111,0,0,11.1111111111111,8.33333333333333,8.33333333333333,-0.236785156647013,-0.119350542858156,0.632312259796261,1.13784974545553,2.02685535105839,5,0.688176331361002
"Selwyn","Sarah Hennessey",17060,0,5215,8709,3,3,102,0,0,0,0,10020,25,25,22,0,0,17060,0.305685814771395,0,0,1.28956623681125,0,0,-0.236785156647013,-0.119350542858156,-0.243940336942236,-0.366416952836759,-0.23838527649273,5,-0.240975653155379
"Serpent River FN","Marissa Pelletier",377,0,1,NA,1,1,24,0,0,0,0,NA,6,0,6,0,0,377,0.0026525198938992,0,0,15.9151193633952,0,0,-0.236785156647013,-0.119350542858156,1.06091333627581,-0.366416952836759,-0.23838527649273,5,0.0199950814882305
"Severn Township Library","Dee-anne Byers",11624,21035,779,18864,1,1,27,1,0,0,0,208,6,6,6,0,4,32659,0.0238525368198659,0.0306194310909703,0,0.183716586545822,0,0.122477724363881,-0.0795445102778898,-0.119350542858156,-0.342601356165703,-0.366416952836759,-0.205092294428842,5,-0.22260113131347
"Shelburne","Rose Dotten",8126,19292,3965,10631,1,1,38,0,0,0,0,5000,11,8,8,22,0,27418,0.144613027937851,0,0,0.291779123203735,0.802392588810271,0,-0.236785156647013,-0.119350542858156,-0.332960298718171,-0.2215754588003,-0.23838527649273,5,-0.229811346703274
"Sioux Lookout","Emily McIntyre",5488,926,939,2677,1,1,21.5,1,1,12,0,3500,6,6,6,4,2,6414,0.146398503274088,0.155908949173683,0.155908949173683,0.935453695042095,0.62363579669473,0.311817898347365,0.563857542100914,-0.0622546366997149,-0.275533333587279,-0.253843205537055,-0.153624167884643,5,-0.0362795603215559
"Sioux Narrows Nestor Falls Twp","Alice Motlong",491,0,202,1302,2,2,24,0,0,0,0,NA,3,3,3,0,6,491,0.411405295315682,0,0,6.10997963340122,0,12.2199592668024,-0.236785156647013,-0.119350542858156,0.186124363690321,-0.366416952836759,3.08335250728895,5,0.509384843727469
"Six Nations FN","Feather Maracle",12795,0,399,NA,1,1,35,0,0,0,0,1200,6,6,6,7,0,12795,0.0311840562719812,0,0,0.468933177022274,0.547088706525987,0,-0.236785156647013,-0.119350542858156,-0.317155076457522,-0.267660874168098,-0.23838527649273,5,-0.235867385324704
"Smiths Falls","Amanda Foster",8780,2891,1194,5960,1,1,41.5,0,0,0,0,8397,8,3,5,0,0,11671,0.102304858195527,0,0,0.428412304001371,0,0,-0.236785156647013,-0.119350542858156,-0.320770242977769,-0.366416952836759,-0.23838527649273,5,-0.256341634362486
"South Algonquin Twp","Charlene Alexander",1013,0,260,1235,2,2,24,0,0,0,0,5813,6,6,6,0,2,1013,0.256663376110563,0,0,5.92300098716683,0,1.97433366238894,-0.236785156647013,-0.119350542858156,0.169442616939232,-0.366416952836759,0.298295622433497,5,-0.0509628825938399
"South River-Machar Union","Alison Young",1852,190,771,1441,1,1,26,0,0,0,0,1800,8,7,7,2,0,2042,0.377571008814887,0,0,3.42801175318315,0.979431929480901,0,-0.236785156647013,-0.119350542858156,-0.0531538099053427,-0.189617732665285,-0.23838527649273,5,-0.167458503713705
"Southgate Twp.","Lacy Russell",7354,3008,2975,3883,1,1,37,0,1,0,0,6572,11,9,11,3,0,10362,0.287106736151322,0,0.0965064659332175,1.06157112526539,0.289519397799653,0,-0.236785156647013,-0.0840086067357624,-0.264281465664105,-0.3141552262024,-0.23838527649273,5,-0.227523146348402
"Spanish Twp","Gwendlyn Goulet",712,0,106,437,1,1,29,0,0,0,0,1004,4,4,4,22,2,712,0.148876404494382,0,0,5.61797752808989,30.8988764044944,2.80898876404494,-0.236785156647013,-0.119350542858156,0.142229220115915,5.21120114195488,0.525178979985175,5,1.10449472851016
"Springwater Twp","Jodie Player Delgado",19059,11787,7836,17508,3,3,81,0,0,0,0,10480,4,4,4,0,0,30846,0.25403617973157,0,0,0.129676457239188,0,0,-0.236785156647013,-0.119350542858156,-0.347422675442769,-0.366416952836759,-0.23838527649273,5,-0.261672120855485
"St. Catharines","Qingyi (Ken) Su",133113,0,46025,59879,5,4,272.25,2,2,25,1,NA,86,36,50,0,0,133113,0.345758866526936,0.0150248285291444,0.0150248285291444,0.37562071322861,0,0,-0.159627820101834,-0.11384825319298,-0.325480170905873,-0.366416952836759,-0.23838527649273,5,-0.240751694706035
"St. Charles","Marie Richer",1120,0,346,997,1,1,31,0,0,0,0,2184,7,6,6,1,1,1120,0.308928571428571,0,0,5.35714285714286,0.892857142857143,0.892857142857143,-0.236785156647013,-0.119350542858156,0.1189582316246,-0.205245520876871,0.00431907645917539,5,-0.0876207824596529
"St. Joseph Twp","Patti Stevens",1240,298,1500,1279,1,1,18,0,2,0,0,2000,6,0,6,3,1,1538,0.975292587776333,0,1.30039011703511,3.90117035110533,1.95058517555267,0.650195058517555,-0.236785156647013,0.35686940785737,-0.010939834873435,-0.0143129142247796,-0.061643485006297,5,0.00663760342116908
"St. Marys Public Library","Sarah Andrews",7265,3810,1736,4835,1,1,50.5,1,1,2,0,4300,4,4,4,3,1,11075,0.156749435665914,0.090293453724605,0.090293453724605,0.36117381489842,0.270880361173815,0.090293453724605,0.226900827079326,-0.0862838934585855,-0.326769085464495,-0.31751979605254,-0.213840908519264,5,-0.143502571283112
"St. Thomas","Heather Robinson",41813,0,8085,17706,3,1,139,2,1,0,0,27000,9,3,9,10,0,41813,0.193360916461388,0.0478320139669481,0.023916006983474,0.215244062851266,0.23916006983474,0,0.00884764988536681,-0.110592186794246,-0.339788557025158,-0.32324568940312,-0.23838527649273,5,-0.200632811965978
"Stirling-Rawdon","Jaye Bannon",4882,0,948,2119,1,1,37,0,0,1,0,7000,5,5,5,0,0,4882,0.194182712003277,0,0,1.02417042195821,0,0,-0.236785156647013,-0.119350542858156,-0.267618258786999,-0.366416952836759,-0.23838527649273,5,-0.245711237524332
"Stormont, Dundas & Glengarry County","Karen Franklin",68331,0,9561,24014,18,15,544,4,1,2,0,25143,60,60,60,24,0,68331,0.139921850990034,0.05853858424434,0.014634646061085,0.878078763665101,0.35123150546604,0,0.0638293386637068,-0.113991143140601,-0.280652175200307,-0.303015449989123,-0.23838527649273,5,-0.174442941231811
"Stratford","Julia Merritt",31465,3810,5895,16464,1,1,62,1,1,0,0,17202,19,5,9,5,0,35275,0.167115520907158,0.0283486888731396,0.0283486888731396,0.255138199858257,0.141743444365698,0,-0.091205503358021,-0.108968880431501,-0.336229306256118,-0.340830559669491,-0.23838527649273,5,-0.223123905241572
"Sundridge-Strong Union","Melinda Kent",2400,304,485,1583,1,1,32,0,1,0,0,956,3,3,3,5,0,2704,0.179363905325444,0,0.369822485207101,1.1094674556213,1.8491124260355,0,-0.236785156647013,0.0160833114688559,-0.26000828009241,-0.0326299635707184,-0.23838527649273,5,-0.150345073066803
"Tay Twp","Jody Bressette",8567,0,1289,5430,3,3,81.5,0,0,0,0,7782,11,11,11,0,0,8567,0.150461071553636,0,0,1.28399673164468,0,0,-0.236785156647013,-0.119350542858156,-0.24443723365525,-0.366416952836759,-0.23838527649273,5,-0.241075032497982
"Tehkummah Twp","Susan Hart",436,0,458,333,1,1,6,0,0,0,0,NA,7,7,7,0,0,436,1.05045871559633,0,0,16.0550458715596,0,0,-0.236785156647013,-0.119350542858156,1.07339721408738,-0.366416952836759,-0.23838527649273,5,0.0224918570505446
"Temagami","Sandra Firman",840,0,260,1346,1,1,27,0,1,4,0,2200,4,0,4,20,0,840,0.30952380952381,0,1.19047619047619,4.76190476190476,23.8095238095238,0,-0.236785156647013,0.316617483451653,0.0658526425033939,3.93148789942693,-0.23838527649273,5,0.767757518448446
"Temagami FN","Tessa Hope",247,0,30,NA,1,1,21,0,0,0,0,690,9,0,9,4,10,247,0.121457489878543,0,0,36.4372469635627,16.1943319838057,40.4858299595142,-0.236785156647013,-0.119350542858156,2.89184399233795,2.55685436368267,10.7668323472374,5,3.17187900075057
"Temiskaming Shores","Rebecca Hunt",9920,1970,1536,5222,1,1,48,2,1,0,0,6836,8,8,8,0,0,11890,0.129184188393608,0.168208578637511,0.0841042893187553,0.672834314550042,0,0,0.627020103196419,-0.0885504468026267,-0.298963549205616,-0.366416952836759,-0.23838527649273,5,-0.0730592244282627
"Terrace Bay Twp","Mary Deschatelets",1611,0,926,893,1,1,45,0,0,10,0,7000,6,6,5,5,0,1611,0.5747982619491,0,0,3.10366232153942,3.10366232153942,0,-0.236785156647013,-0.119350542858156,-0.0820914195549387,0.193831351927595,-0.23838527649273,5,-0.0965562087250486
"The Blue Mountains","Sabrina Saunders",6805,0,4505,7962,2,2,74,0,1,11,25,16500,10,10,10,11,0,6805,0.662013225569434,0,0.14695077149155,1.4695077149155,1.61645848640705,0,-0.236785156647013,-0.0655352390961808,-0.227886427962764,-0.0746267924038681,-0.23838527649273,5,-0.168643778520511
"Thessalon","Norma LeBlanc",1288,0,500,625,1,1,29,0,0,0,0,NA,5,0,5,0,0,1288,0.388198757763975,0,0,3.88198757763975,0,0,-0.236785156647013,-0.119350542858156,-0.0126512718496937,-0.366416952836759,-0.23838527649273,5,-0.19471784013687
"Thessalon FN","Michelle Bouillon",113,0,160,NA,1,1,25,0,0,0,0,878,16,0,16,4,3,113,1.41592920353982,0,0,141.592920353982,35.3982300884956,26.5486725663717,-0.236785156647013,-0.119350542858156,12.2735586868614,6.02338849123669,6.9783105280949,5,4.98382440133756
"Thorold","Joanne DeQuadros",18801,0,2548,8498,1,1,54,0,1,15,0,10700,6,1,5,4,0,18801,0.135524706132653,0,0.0531886601776501,0.265943300888251,0.2127546407106,0,-0.236785156647013,-0.0998721564903966,-0.335265303346522,-0.328012186325387,-0.23838527649273,5,-0.24766401586041
"Thunder Bay","Tina Maronese",107909,1800,23156,50388,4,4,152,1,1,0,0,53500,23,10,13,91,0,109709,0.21106746028129,0.00911502246853039,0.00911502246853039,0.118495292090895,0.829467044636265,0,-0.189976578774923,-0.116012501839641,-0.348420229811368,-0.216688194527488,-0.23838527649273,5,-0.22189655628923
"Timmins","Carole-Ann Demers",41788,0,12950,19695,2,2,105,1,1,0,25,28100,24,22,22,14,0,41788,0.30989757825213,0.0239303149229444,0.0239303149229444,0.526466928304776,0.335024408921221,0,-0.113895277500627,-0.110586947038776,-0.312022065347089,-0.305941025462129,-0.23838527649273,5,-0.21616611836827
"Toronto","Vickery Bowles",2956024,0,683139,1222235,129,100,5697.75,34,24,4,0,1883890,2138,2138,1902,50,0,2956024,0.231100627058508,0.0115019363848196,0.0081190139186962,0.643431853056673,0.0169146123306171,0,-0.177719006584581,-0.116377253260234,-0.301586760071504,-0.363363662271543,-0.23838527649273,5,-0.239486391736118
"Trent Hills","Mary-Jo Mahoney",12900,0,7303,6883,3,3,70.5,0,0,3,0,12103,14,14,14,0,0,12900,0.566124031007752,0,0,1.08527131782946,0,0,-0.236785156647013,-0.119350542858156,-0.262166996347592,-0.366416952836759,-0.23838527649273,5,-0.24462098503645
"Trent Lakes","Stephanie McPherson",5397,0,3136,5643,2,2,52,0,3,0,0,1915,NA,12,11,0,4,5397,0.5810635538262,0,0.555864369093941,2.03816935334445,0,0.741152492125255,-0.236785156647013,0.0842142943293037,-0.177151920946173,-0.366416952836759,-0.0369186281279837,5,-0.146611672845725
"Tudor & Cashel Twp","Leanne Golan",528,0,250,321,1,1,7,0,0,0,0,642,3,0,3,0,0,528,0.473484848484849,0,0,5.68181818181818,0,0,-0.236785156647013,-0.119350542858156,0.147924916599804,-0.366416952836759,-0.23838527649273,5,-0.162602602446971
"Tweed","Shannon Ruttle",6044,0,998,3203,1,1,35,1,0,0,0,5000,10,1,10,9,4,6044,0.165122435473197,0.165453342157512,0,1.65453342157512,1.4890800794176,0.661813368630046,0.6128710759422,-0.119350542858156,-0.211378917382824,-0.0976201238897582,-0.0584852928354606,5,0.0252072397952003
"Tyendinaga Twp","Kristin Farrell",4297,0,742,1631,1,1,28,0,0,0,0,1500,5,1,5,0,2,4297,0.172678612985804,0,0,1.16360251338143,0,0.465441005352572,-0.236785156647013,-0.119350542858156,-0.255178491546514,-0.366416952836759,-0.111864971486384,5,-0.217919223074965
"Uxbridge Twp","Corrinne Morrison",21176,0,4618,8092,2,2,60.5,1,0,0,0,9875,6,6,6,5,0,21176,0.218077068379297,0.0472232716282584,0,0.28333962976955,0.236116358141292,0,0.00572156179694229,-0.119350542858156,-0.333713248292958,-0.323795115899879,-0.23838527649273,5,-0.201904524349356
"Val Rita-Harty Twp","Carole Trottier",762,0,129,330,2,2,40,1,0,0,0,NA,4,0,4,8,0,762,0.169291338582677,1.31233595800525,0,5.249343832021,10.498687664042,0,6.50248291391625,-0.119350542858156,0.109340683988476,1.52872219461809,-0.23838527649273,5,1.55656199463439
"Vaughan","Margie Singleton",329000,0,82880,100631,11,11,778,8,3,0,0,177403,71,15,71,80,0,329000,0.251914893617021,0.0243161094224924,0.00911854103343465,0.21580547112462,0.243161094224924,0,-0.111914098415543,-0.116011213294932,-0.33973846964444,-0.322523456473215,-0.23838527649273,5,-0.225714502864172
"Wahta Mohawk FN","Carol Holmes",154,0,43,NA,1,1,37.5,0,0,0,0,NA,3,0,3,3,3,154,0.279220779220779,0,0,19.4805194805195,19.4805194805195,19.4805194805195,-0.236785156647013,-0.119350542858156,1.37900902804595,3.1500506535608,5.05698242427612,5,1.84598128127554
"Wainfleet Twp","Lorrie Atkinson",6372,0,1534,3228,1,1,43,0,1,0,0,4280,7,1,6,2,6,6372,0.240740740740741,0,0.156936597614564,0.941619585687382,0.313873195229127,0.941619585687382,-0.236785156647013,-0.0618782983352054,-0.274983228918585,-0.309759073428387,0.017574116450899,5,-0.173166328175658
"Wasaga Beach","Pamela Pal",20675,0,5554,13358,5,1,60,0,0,0,31,4500,7,7,7,39,0,20675,0.26863361547763,0,0,0.33857315598549,1.8863361547763,0,-0.236785156647013,-0.119350542858156,-0.328785457258741,-0.0259106337069928,-0.23838527649273,5,-0.189843413392727
"Waterloo City","Laurie Clarke",146010,0,54769,45570,3,3,177.5,1,2,800,0,60120,129,123,107,64,0,146010,0.375104444901034,0.00684884596945415,0.0136976919389083,0.732826518731594,0.438326142045065,0,-0.201614125417856,-0.114334268053687,-0.293611201344771,-0.28729382262044,-0.23838527649273,5,-0.227047738785897
"Waterloo Region","Helen Chimirri-Russell",75190,0,16862,25370,12,10,219,0,6,0,17,26037,47,38,38,0,0,75190,0.224258545019284,0,0.0797978454581726,0.505386354568427,0,0,-0.236785156647013,-0.090127523140089,-0.313902819109722,-0.366416952836759,-0.23838527649273,5,-0.249123545645263
"Wawa","Colleen Abbott",2905,275,393,1279,1,1,20,0,0,0,0,1780,4,4,4,3,0,3180,0.123584905660377,0,0,1.25786163522013,0.943396226415094,0,-0.236785156647013,-0.119350542858156,-0.246768938738424,-0.196122609633858,-0.23838527649273,5,-0.207482504874036
"Welland","Julianne Brunet",52293,0,11944,23323,3,3,141,2,1,0,0,40413,72,9,43,20,0,52293,0.228405331497524,0.0382460367544413,0.0191230183772207,0.822289790220488,0.382460367544413,0,-0.0403794323715193,-0.112347442211793,-0.285629521786396,-0.297378265519116,-0.23838527649273,5,-0.194823987676311
"Wellington County","Rebecca Hine",99200,0,23219,34930,18,14,763,7,24,0,0,98045,92,70,71,203,0,99200,0.2340625,0.0705645161290323,0.241935483870968,0.715725806451613,2.04637096774194,0,0.125586374485894,-0.0307505891242268,-0.295136882256806,0.0029775710584041,-0.23838527649273,5,-0.0871417604658929
"West Grey Twp","Kim Storz",12518,0,1001,5852,3,3,62,0,0,0,0,5100,6,0,6,1,3,12518,0.0799648506151142,0,0,0.479309793896789,0.0798849656494648,0.239654896948394,-0.236785156647013,-0.119350542858156,-0.316229301785815,-0.351996757614274,-0.173240155393641,5,-0.23952038285978
"West Lincoln Twp","Vanessa Holm",14500,0,1105,5448,3,3,79,0,0,0,0,21073,20,5,15,11,1,14500,0.0762068965517241,0,0,1.03448275862069,0.758620689655172,0.0689655172413793,-0.236785156647013,-0.119350542858156,-0.266698219028022,-0.229476812026702,-0.2196384575061,5,-0.214389837613199
"West Nipissing","Emelie Bisaillon",11809,0,2630,7908,5,5,95,0,1,0,0,15674,15,2,15,0,5,11809,0.222711491235498,0,0.0846811753747142,1.27021763062071,0,0.423405876873571,-0.236785156647013,-0.0883391835474402,-0.245666569081347,-0.366416952836759,-0.12329133318418,5,-0.212099839059348
"West Perth","Rosemary Minnella",8865,0,2647,3616,1,1,54,0,0,23,0,10900,6,2,4,0,0,8865,0.298589960518895,0,0,0.451212633953751,0,0,-0.236785156647013,-0.119350542858156,-0.318736057054581,-0.366416952836759,-0.23838527649273,5,-0.255934797177848
"Westport","Pamela Stuffles",590,0,339,386,1,1,19,0,0,18,1,1728,3,3,3,4,0,590,0.574576271186441,0,0,5.08474576271186,6.77966101694915,0,-0.236785156647013,-0.119350542858156,0.0946556738911667,0.857393242384087,-0.23838527649273,5,0.071505588055471
"Whitby","Rhonda Jessup",137300,0,51587,44770,3,3,104,3,0,0,0,68000,100,30,70,89,0,137300,0.375724690458849,0.021849963583394,0,0.509832483612527,0.648215586307356,0,-0.124578552063564,-0.119350542858156,-0.313506147082033,-0.249406258461219,-0.23838527649273,5,-0.20904535539154
"Whitchurch-Stouffville","Margaret Wallace",30705,0,15734,16561,1,1,45.5,2,2,1226,0,32000,21,4,15,10,0,30705,0.512424686533138,0.0651359713401726,0.0651359713401726,0.488519785051295,0.325679856700863,0,0.0977090475392238,-0.0954968941299199,-0.315407610415633,-0.307627829307993,-0.23838527649273,5,-0.171841712561411
"White River Twp","Janet Ramage",645,0,223,411,1,1,16,0,1,6,0,1636,12,8,8,0,0,645,0.345736434108527,0,1.55038759689922,12.4031007751938,0,0,-0.236785156647013,0.448421770475549,0.747580205175623,-0.366416952836759,-0.23838527649273,5,0.070882917934934
"Whitefish River FN","Evelyn Jacko",416,0,91,NA,2,2,60,0,0,0,0,745,6,0,6,0,0,416,0.21875,0,0,14.4230769230769,0,0,-0.236785156647013,-0.119350542858156,0.927797204393742,-0.366416952836759,-0.23838527649273,5,-0.00662814488818327
"Whitestone-Hagerman Memorial","Eva Fincham",821,0,561,1924,1,1,27,0,1,10,0,2500,5,5,5,17,5,821,0.683313032886724,0,1.21802679658952,6.09013398294762,20.7064555420219,6.09013398294762,-0.236785156647013,0.326706877483183,0.184353786559484,3.37134682854725,1.41708899455559,5,1.0125422660997
"Whitewater Region","Debbi McLaughlin",5681,0,1846,3549,3,3,42,0,0,0,0,2838,9,9,9,0,3,5681,0.324942791762014,0,0,1.58422812885055,0,0.528076042950185,-0.236785156647013,-0.119350542858156,-0.217651372083465,-0.366416952836759,-0.0948389596614676,5,-0.207008596817372
"Windsor","Kitty Pope",224134,0,89697,99325,10,10,524,7,1,0,5,103887,82,8,70,46,0,224134,0.400193634165276,0.0312313169800209,0.00446161671143156,0.312313169800209,0.205234368725851,0,-0.076402279045291,-0.117716640183415,-0.33112830468037,-0.329369685690438,-0.23838527649273,5,-0.218600437218449
"Wollaston","Kelly Veenstra",670,0,311,791,1,1,16,0,0,0,0,768,2,2,2,0,0,670,0.464179104477612,0,0,2.98507462686567,0,0,-0.236785156647013,-0.119350542858156,-0.0926715041270727,-0.366416952836759,-0.23838527649273,5,-0.210721886592346
"Woodstock","David Harvie",40902,0,10825,18347,1,1,49.5,0,1,1,0,24200,23,5,17,0,2,40902,0.264656984988509,0,0.0244486822160286,0.415627597672485,0,0.0488973644320571,-0.236785156647013,-0.110397114123614,-0.321910861104816,-0.366416952836759,-0.22509356091373,5,-0.252120729125186
