"Nom_bibliotheque","Groupe","Population_desservie","Nb_succursales","Heures_ouverture","Superficie","Ratio_abonnes_population","Indice_ressources_technologiques","Profil"
"Addington Highlands Twp",2,1712,2,30,3534,0.540303738317757,0.00894793033562155,"Bibliothèques locales intermédiaires"
"Admaston/Bromley Twp",2,2935,1,12,1394,0.116524701873935,-0.12273935832279,"Bibliothèques locales intermédiaires"
"Ajax",1,127400,3,151.5,48000,0.182904238618524,-0.240719545518828,"Grands réseaux de bibliothèques"
"Alderville FN",3,313,1,20,500,0.60702875399361,0.600452294816093,"Petites bibliothèques à forte offre technologique"
"Alfred & Plantagenet Twp",2,9680,5,85,5595,0.180061983471074,-0.243709320377541,"Bibliothèques locales intermédiaires"
"Algonquins of Pikwakanagan FN",2,453,1,20,118,0.143487858719647,0.0520477052774922,"Bibliothèques locales intermédiaires"
"Alnwick/Haldimand Twp",2,5691,3,43,16712,0.162361623616236,-0.232413145518952,"Bibliothèques locales intermédiaires"
"Armstrong Twp",2,1961,1,27,2322,0.0810810810810811,-0.0613637415797656,"Bibliothèques locales intermédiaires"
"Arnprior",2,15973,1,40,13500,0.311024854441871,-0.250476733296922,"Bibliothèques locales intermédiaires"
"Asphodel-Norwood",2,3440,2,27,3822,0.184883720930233,0.0924216506415888,"Bibliothèques locales intermédiaires"
"Assiginack Twp",2,1013,1,19,1200,0.646594274432379,-0.174068816874227,"Bibliothèques locales intermédiaires"
"Athens Twp",2,3013,1,12,3458,0.0962495851310986,-0.192022576957793,"Bibliothèques locales intermédiaires"
"Atikokan",2,2200,1,37,5151,0.847727272727273,-0.207211297308784,"Bibliothèques locales intermédiaires"
"Augusta Twp",2,7353,1,26,4422,0.241806065551476,-0.224819296770163,"Bibliothèques locales intermédiaires"
"Aurora",2,62900,1,36,44000,0.412130365659777,-0.185256372597622,"Bibliothèques locales intermédiaires"
"Bancroft Town",2,5349,1,25,2500,0.269022247149,-0.253978440721246,"Bibliothèques locales intermédiaires"
"Barrie",1,170999,2,137,56200,0.167000976613898,-0.23705024113467,"Grands réseaux de bibliothèques"
"Belleville",2,50716,1,54,36000,0.389127691458317,-0.203592488260915,"Bibliothèques locales intermédiaires"
"Big Grassy FN",3,261,7,32.5,896,0.996168582375479,0.214574711301032,"Petites bibliothèques à forte offre technologique"
"Biigtigong Nishnaabeg",2,537,1,35,340,0.121042830540037,0.070615702292417,"Bibliothèques locales intermédiaires"
"Billings Twp",2,731,1,9,1000,0.27359781121751,-0.116391256484697,"Bibliothèques locales intermédiaires"
"Bkejwanong FN",2,2369,1,20,3600,0.000844238075137189,-0.18113321075424,"Bibliothèques locales intermédiaires"
"Black River-Matheson Twp",2,2438,2,37,1500,0.437653814602133,-0.0715648751019715,"Bibliothèques locales intermédiaires"
"Blind River",2,3969,1,44,5544,0.159737969261779,-0.227549481795444,"Bibliothèques locales intermédiaires"
"Bonfield",2,1975,1,18,1200,0.152405063291139,-0.0813926240706376,"Bibliothèques locales intermédiaires"
"Bonnechere Union",2,5339,1,31.5,3700,0.325529125304364,-0.236899178320766,"Bibliothèques locales intermédiaires"
"Bracebridge",2,16010,1,58,8700,0.562273579013117,-0.253955312695753,"Bibliothèques locales intermédiaires"
"Bradford West Gwillimbury Town",2,38559,1,63.5,40000,0.479913898182007,-0.227518796959392,"Bibliothèques locales intermédiaires"
"Brampton",1,696975,8,496,205070,0.112550665375372,-0.23066581763382,"Grands réseaux de bibliothèques"
"Brant County",1,30781,5,331,20500,0.675221727689159,-0.217838965700249,"Grands réseaux de bibliothèques"
"Brantford",1,102257,2,113.5,68000,0.161094106026971,-0.224019379120551,"Grands réseaux de bibliothèques"
"Brighton Public Library Board",2,11844,3,59,6533,0.283519081391422,-0.251933667577356,"Bibliothèques locales intermédiaires"
"Brock Twp",2,11642,3,74,11421,0.186909465727538,-0.10023500220892,"Bibliothèques locales intermédiaires"
"Brockville",2,21346,1,35,18813,0.195352759299166,-0.258970499641484,"Bibliothèques locales intermédiaires"
"Bruce County",1,61119,17,534.5,52919,0.397683208167673,-0.209034650615042,"Grands réseaux de bibliothèques"
"Bruce Mines & Plummer Additional Union",2,1810,1,23.5,2750,0.193922651933702,-0.185119798999519,"Bibliothèques locales intermédiaires"
"Burk's Falls, Armour & Ryerson Union",2,3867,1,35,1800,0.165761572278252,-0.13322471145758,"Bibliothèques locales intermédiaires"
"Burlington",1,176802,6,373,106684,0.662232327688601,-0.192455832090885,"Grands réseaux de bibliothèques"
"Caledon",1,74649,7,313.5,39207,0.17643906817238,-0.220798413731107,"Grands réseaux de bibliothèques"
"Callander",2,3863,1,46,1038,0.216153248770386,-0.189217022242817,"Bibliothèques locales intermédiaires"
"Cambridge",1,135060,5,307,93900,0.307655856656301,-0.208991080161943,"Grands réseaux de bibliothèques"
"Carleton Place",2,19580,1,53,7500,0.169356486210419,-0.261252065547917,"Bibliothèques locales intermédiaires"
"Carlow/Mayo Public Library",2,864,1,12,750,0.21875,0.0683721327716022,"Bibliothèques locales intermédiaires"
"Cavan Monaghan Public Library Board, Township of",2,8829,2,56,5000,0.114735530637671,-0.153579265699881,"Bibliothèques locales intermédiaires"
"Central Manitoulin Twp",3,2084,1,30,1000,1.54318618042226,-0.221175352200093,"Petites bibliothèques à forte offre technologique"
"Centre Hastings",2,6615,1,25,3210,0.181859410430839,-0.206617917083565,"Bibliothèques locales intermédiaires"
"Champlain Twp",2,11658,1,38,2175,0.161434208269,-0.233124606441983,"Bibliothèques locales intermédiaires"
"Chapleau Twp",2,1956,1,32,2900,0.128323108384458,0.00440813686808504,"Bibliothèques locales intermédiaires"
"Chatham-Kent",1,102042,11,305,68557,0.299847121773387,-0.210960464239749,"Grands réseaux de bibliothèques"
"Chippewas of Georgina Island FN",3,208,1,37.5,1324,0.913461538461538,0.07915780676915,"Petites bibliothèques à forte offre technologique"
"Chippewas of Kettle & Stony Point FN",2,1352,1,20,1500,0.26405325443787,-0.183416780696353,"Bibliothèques locales intermédiaires"
"Chippewas of Rama FN",2,725,1,50,3270,0.328275862068966,0.402821840120287,"Bibliothèques locales intermédiaires"
"Clarence-Rockland",2,25326,2,70,10816,0.39489062623391,-0.241948048556335,"Bibliothèques locales intermédiaires"
"Clarington, Municipality of",1,92015,4,198,48704,0.375808292126284,-0.251333851272826,"Grands réseaux de bibliothèques"
"Clearview Twp",1,28010,3,462,11095,0.0968582649053909,-0.242237662861324,"Grands réseaux de bibliothèques"
"Cobourg",1,30382,5,76,18369,0.261602264498716,-0.248661392986339,"Grands réseaux de bibliothèques"
"Cochrane Public Library Board",2,4371,1,39,4000,0.42301532830016,0.0780792335335556,"Bibliothèques locales intermédiaires"
"Collingwood",2,23815,1,64,20000,0.320722233886206,-0.208740254572086,"Bibliothèques locales intermédiaires"
"Cornwall",2,45723,1,39,23300,0.184371104258251,-0.232447545040859,"Bibliothèques locales intermédiaires"
"Deep River",2,4109,1,39,11000,0.359454855195911,-0.229144610610398,"Bibliothèques locales intermédiaires"
"Delaware FN",3,238,1,15,400,1.57563025210084,-0.114040807047365,"Petites bibliothèques à forte offre technologique"
"Deseronto",2,1645,1,39,4144,0.280851063829787,0.063966002861406,"Bibliothèques locales intermédiaires"
"Douro-Dummer Twp",2,5869,1,26,1485,0.066110069858579,-0.251824828999917,"Bibliothèques locales intermédiaires"
"Dryden",2,7749,1,54,6100,0.226738934056007,-0.247626074417645,"Bibliothèques locales intermédiaires"
"Ear Falls Twp",2,995,1,30,2475,0.166834170854271,0.29799488619336,"Bibliothèques locales intermédiaires"
"East Ferris",2,4862,1,36,2496,0.17379679144385,-0.178547263308323,"Bibliothèques locales intermédiaires"
"East Gwillimbury",2,23991,2,94,15000,0.31707723729732,-0.116017891366614,"Bibliothèques locales intermédiaires"
"Edwardsburgh/Cardinal Twp",2,7093,2,30,3691,0.092485549132948,-0.223472202629568,"Bibliothèques locales intermédiaires"
"Elgin County",1,50069,11,339,31448,0.17413968723162,-0.093559229328045,"Grands réseaux de bibliothèques"
"Elliot Lake",2,10741,1,51.5,10059,0.15101014803091,-0.141161453070652,"Bibliothèques locales intermédiaires"
"Englehart",2,2184,1,27,4275,0.32967032967033,0.605868573420987,"Bibliothèques locales intermédiaires"
"Espanola",2,6272,1,56,6000,0.145886479591837,-0.166330630234137,"Bibliothèques locales intermédiaires"
"Essa",2,32058,2,82,13500,0.104872418741032,-0.165057746468578,"Bibliothèques locales intermédiaires"
"Essex County",1,181530,14,534,72036,0.13315705393048,-0.245526760888104,"Grands réseaux de bibliothèques"
"Fort Erie",1,30710,3,119,22000,0.246304135460762,-0.132278374628119,"Grands réseaux de bibliothèques"
"Fort Frances",2,8708,1,55,14800,0.289044556729444,-0.0222582910840629,"Bibliothèques locales intermédiaires"
"French River",2,3536,2,25,2200,0.240384615384615,0.0012529559798417,"Bibliothèques locales intermédiaires"
"Front of Yonge Twp",2,2752,1,21,1453,0.10719476744186,-0.165516129732581,"Bibliothèques locales intermédiaires"
"Gananoque",2,5159,1,30,3200,0.476836596239581,-0.190427196299933,"Bibliothèques locales intermédiaires"
"Georgian Bay Twp",2,2063,3,65,6000,0.380029083858459,0.120213899162521,"Bibliothèques locales intermédiaires"
"Georgina",1,52772,3,54,31500,0.21572045781854,-0.227177036537982,"Grands réseaux de bibliothèques"
"Gore Bay Union",2,1790,1,21,2000,0.379888268156425,-0.254017576427375,"Bibliothèques locales intermédiaires"
"Grand Valley Library Board",2,8432,1,52,4300,0.203154648956357,-0.214821573695059,"Bibliothèques locales intermédiaires"
"Gravenhurst Public Library",2,12310,1,50,8000,0.346547522339561,-0.157141182033236,"Bibliothèques locales intermédiaires"
"Greater Madawaska Twp",2,2518,1,21,1457,0.209293089753773,-0.214051434589251,"Bibliothèques locales intermédiaires"
"Greenstone",2,4636,4,74,9940,0.285591026747196,0.501962910240646,"Bibliothèques locales intermédiaires"
"Grey Highlands",2,9804,3,75.5,12000,0.32578539371685,-0.22529961064551,"Bibliothèques locales intermédiaires"
"Grimsby",2,27314,1,64,16000,0.213187376436992,-0.163736888227173,"Bibliothèques locales intermédiaires"
"Guelph",1,131790,6,192,62852,0.400083466120343,-0.166742330496913,"Grands réseaux de bibliothèques"
"Haldimand County",1,45608,6,251,45950,0.237589896509384,-0.247034654916038,"Grands réseaux de bibliothèques"
"Haliburton County",1,18062,6,282,14580,0.382460414129111,-0.193176813602366,"Grands réseaux de bibliothèques"
"Halton Hills",1,61161,3,111,41373,0.27336047481238,-0.218293063539874,"Grands réseaux de bibliothèques"
"Hamilton",1,579000,23,1337,379574,0.231506044905009,-0.239516084048271,"Grands réseaux de bibliothèques"
"Hanover",2,7688,1,40,5500,0.173777315296566,-0.252381240530887,"Bibliothèques locales intermédiaires"
"Hastings Highlands Twp",2,4075,1,34,5150,0.199509202453988,-0.188680571349819,"Bibliothèques locales intermédiaires"
"Havelock-Belmont-Methuen Twp",2,4535,2,27,3200,0.409040793825799,-0.172937264157904,"Bibliothèques locales intermédiaires"
"Hawkesbury",2,13215,1,45,8440,0.116231555051078,-0.239460867808132,"Bibliothèques locales intermédiaires"
"Head, Clara & Maria",3,206,1,7,500,0.432038834951456,0.956744440452495,"Petites bibliothèques à forte offre technologique"
"Hearst Twp",2,5750,1,46,4800,0.130434782608696,-0.248469932082161,"Bibliothèques locales intermédiaires"
"Henvey Inlet FN",2,192,1,31.5,1216,0.364583333333333,0.0148183430261501,"Bibliothèques locales intermédiaires"
"Hilton Union",3,465,1,12,690,0.913978494623656,0.278616717170752,"Petites bibliothèques à forte offre technologique"
"Hornepayne Twp",2,980,1,22.5,754,0.325510204081633,0.160520751335483,"Bibliothèques locales intermédiaires"
"Huntsville",2,15012,1,36,12000,0.376298960831335,-0.246073762731248,"Bibliothèques locales intermédiaires"
"Huron County",1,63107,13,329,46613,0.272727272727273,-0.196695447595156,"Grands réseaux de bibliothèques"
"Huron Shores",2,1664,1,12,2160,0.0799278846153846,-0.111614530804625,"Bibliothèques locales intermédiaires"
"Ignace",2,1202,1,10,5000,0.198003327787022,0.0974728796515366,"Bibliothèques locales intermédiaires"
"Innisfil",1,40784,4,125,36572,0.578805413887799,-0.149691389025855,"Grands réseaux de bibliothèques"
"Iroquois Falls",2,4537,1,35,3500,0.10756006171479,-0.200602074036196,"Bibliothèques locales intermédiaires"
"James Twp",3,460,1,12,2600,0.926086956521739,2.24029399919833,"Petites bibliothèques à forte offre technologique"
"Kawartha Lakes, City of",1,75423,16,331,36445,0.206833459289607,-0.240454541101991,"Grands réseaux de bibliothèques"
"Kenora City",2,15096,3,67,13500,0.22456279809221,-0.122966128186104,"Bibliothèques locales intermédiaires"
"Killaloe, Hagarty & Richards Twp",2,3372,1,27,2425,0.335409252669039,-0.25340267960827,"Bibliothèques locales intermédiaires"
"King Twp",1,24916,3,231,25819,0.191724193289453,-0.0203492755528943,"Grands réseaux de bibliothèques"
"Kingston-Frontenac County",1,149920,16,376,127387,0.232397278548559,-0.193548203650694,"Grands réseaux de bibliothèques"
"Kirkland Lake",2,7981,1,43,28500,0.109008896128305,-0.157627982710185,"Bibliothèques locales intermédiaires"
"Kitchener",1,261610,5,325,155214,0.298329574557547,-0.212523273632479,"Grands réseaux de bibliothèques"
"La Nation",2,12808,3,73.5,6894,0.271861336664585,-0.252840791899705,"Bibliothèques locales intermédiaires"
"Lake of Bays Twp",3,2479,2,60,6368,1.69140782573618,-0.104625921002069,"Petites bibliothèques à forte offre technologique"
"Lambton County",1,126638,25,724,83243,0.130790126186453,-0.202573746139869,"Grands réseaux de bibliothèques"
"Lanark Highlands",2,5338,1,15,2575,0.107905582615212,-0.243851808676609,"Bibliothèques locales intermédiaires"
"Larder Lake Public Library",2,730,1,16,358,0.253424657534247,0.329502513920459,"Bibliothèques locales intermédiaires"
"Laurentian Hills",2,2961,2,18,3012,0.0452549814251942,-0.202462118492555,"Bibliothèques locales intermédiaires"
"Leeds and the Thousand Islands Twp",2,9465,3,59,4645,0.095932382461701,-0.193528729991458,"Bibliothèques locales intermédiaires"
"Lennox and Addington County",1,42888,5,168,18013,0.156244170863645,-0.239342284894821,"Grands réseaux de bibliothèques"
"Lincoln",2,23787,2,102,13754,0.263295077142977,-0.18904953485959,"Bibliothèques locales intermédiaires"
"London",1,393167,16,624,337866,0.391876734313918,-0.237713085123378,"Grands réseaux de bibliothèques"
"M'Chigeeng FN",2,935,1,37.5,1290,0.154010695187166,-0.14769557192173,"Bibliothèques locales intermédiaires"
"Madawaska Valley Twp",2,4954,1,29,3500,0.166733952361728,-0.256782334965259,"Bibliothèques locales intermédiaires"
"Magnetawan FN",3,75,1,15,480,0.266666666666667,4.06288153263868,"Petites bibliothèques à forte offre technologique"
"Magnetawan Twp",3,1214,1,26,1628,0.797364085667216,0.730551026533755,"Petites bibliothèques à forte offre technologique"
"Manitouwadge",2,1698,1,36,2368,0.32979976442874,0.500593518526136,"Bibliothèques locales intermédiaires"
"Marathon",2,3273,1,37,2400,0.443629697525206,0.215204943504434,"Bibliothèques locales intermédiaires"
"Markham",1,349007,4,208.72,151401,0.256923213574513,-0.230406606155414,"Grands réseaux de bibliothèques"
"Markstay-Warren",2,2301,2,30,2010,0.293785310734463,0.0598309862652953,"Bibliothèques locales intermédiaires"
"Marmora and Lake Twp",2,3092,1,26,1000,0.205045278137128,-0.223590027799032,"Bibliothèques locales intermédiaires"
"Mattawa",2,3763,1,15,1935,0.235981929311719,-0.173005786497935,"Bibliothèques locales intermédiaires"
"Mattice-Val Cote Twp",2,623,1,25,2880,0.269662921348315,0.199940393775466,"Bibliothèques locales intermédiaires"
"McKellar Twp",2,1093,1,20,17075,0.198536139066789,0.0492423101875208,"Bibliothèques locales intermédiaires"
"Meaford",2,10991,1,48,9996,0.476662724046947,-0.195100960284036,"Bibliothèques locales intermédiaires"
"Merrickville-Wolford",2,5958,1,32.5,3600,0.163645518630413,-0.242881654972615,"Bibliothèques locales intermédiaires"
"Michipicoten FN",3,66,1,37.5,3000,0.757575757575758,3.87629156217496,"Petites bibliothèques à forte offre technologique"
"Middlesex County Library",1,73887,15,437.5,67189,0.227225357640722,-0.205464364928868,"Grands réseaux de bibliothèques"
"Midland",2,49459,1,55,22700,0.136476677652197,-0.213719924689569,"Bibliothèques locales intermédiaires"
"Mississauga",1,779100,18,720,342043,0.175226543447568,-0.239972605058892,"Grands réseaux de bibliothèques"
"Mississaugas of Scugog Island FN",3,48,1,35,518,2.20833333333333,1.22297049553359,"Petites bibliothèques à forte offre technologique"
"Mississippi Mills",2,13163,2,72,12530,0.322874724606853,-0.128472816879268,"Bibliothèques locales intermédiaires"
"Mohawks of the Bay of Quinte FN",2,2167,1,20,7497,0.0562990309183203,-0.156558171978061,"Bibliothèques locales intermédiaires"
"Moonbeam Twp",2,1231,1,29.5,2400,0.251015434606011,0.0431111535076045,"Bibliothèques locales intermédiaires"
"Muskoka Lakes Twp",2,6588,2,47,8512,0.176533090467517,-0.234003517771435,"Bibliothèques locales intermédiaires"
"New Tecumseth",1,58126,3,145,15318,0.293672366927021,-0.217213259052544,"Grands réseaux de bibliothèques"
"Newmarket",2,89802,1,53.5,35000,0.262677891360994,-0.180154312184129,"Bibliothèques locales intermédiaires"
"Niagara Falls",1,88071,4,251,60717,0.469042022913331,-0.230511058939958,"Grands réseaux de bibliothèques"
"Niagara-on-the-Lake",2,17511,1,302,10000,0.480269544857518,-0.138613014027554,"Bibliothèques locales intermédiaires"
"Nipigon Twp",2,1642,1,27,2048,0.303288672350792,-0.197646423545019,"Bibliothèques locales intermédiaires"
"Norfolk County",1,64044,5,194,50991,0.362391480856911,-0.117808717224947,"Grands réseaux de bibliothèques"
"North Bay",2,51553,1,58,35000,0.957150893255485,-0.259832570664274,"Bibliothèques locales intermédiaires"
"North Grenville Twp",2,16451,2,59,10700,0.386663424715823,-0.241031161011358,"Bibliothèques locales intermédiaires"
"North Kawartha Twp",3,2145,2,47,5900,1.85780885780886,-0.239030086650777,"Petites bibliothèques à forte offre technologique"
"North Perth",2,13130,3,78,11130,0.168088347296268,-0.165378488578788,"Bibliothèques locales intermédiaires"
"Northeastern Manitoulin and the Islands",2,2029,1,37,3749,0.296205027106949,0.233814064956619,"Bibliothèques locales intermédiaires"
"Oakville",1,211000,7,353,100935,0.232744075829384,-0.217030972994843,"Grands réseaux de bibliothèques"
"Oliver Paipoonge",2,9933,2,48,3266,0.0657404610892983,-0.17333032739189,"Bibliothèques locales intermédiaires"
"Orangeville",2,29986,2,74,17635,0.162675915427199,-0.259820577809457,"Bibliothèques locales intermédiaires"
"Orillia",2,52163,1,59,47000,0.340624580641451,-0.227721755376828,"Bibliothèques locales intermédiaires"
"Oshawa",1,172000,4,184,95085,0.24168023255814,-0.213234938485061,"Grands réseaux de bibliothèques"
"Otonabee-South Monaghan Twp",2,6670,3,46.5,5272,0.0835082458770615,-0.204350827996119,"Bibliothèques locales intermédiaires"
"Ottawa",1,934243,33,1684.75,424164,0.290501507637735,-0.237135596762888,"Grands réseaux de bibliothèques"
"Owen Sound & North Grey Union",2,34585,1,51,22582,0.216105247939858,-0.161295617775586,"Bibliothèques locales intermédiaires"
"Oxford County",1,68077,14,354,45884,0.243121759184453,-0.236897410448926,"Grands réseaux de bibliothèques"
"Pelham",2,17110,2,165,13300,0.324956165984804,-0.152359812702771,"Bibliothèques locales intermédiaires"
"Pembroke",2,19311,1,35,10000,0.147791414219875,-0.183757003688106,"Bibliothèques locales intermédiaires"
"Penetanguishene",2,20749,2,64,12340,0.207094317798448,-0.223166622359136,"Bibliothèques locales intermédiaires"
"Perry Twp",2,2454,1,34,2500,0.0766096169519152,0.0900462729931736,"Bibliothèques locales intermédiaires"
"Perth and District Union",2,22330,1,47,9500,0.241468875951635,-0.161355470291153,"Bibliothèques locales intermédiaires"
"Perth East",2,12261,1,41,5655,0.0679389935568061,-0.240447079840165,"Bibliothèques locales intermédiaires"
"Petawawa",2,17187,1,55,1200,0.119741665212079,-0.255680430327524,"Bibliothèques locales intermédiaires"
"Peterborough",1,82094,2,240,33412,0.246059395327308,-0.258334789947609,"Grands réseaux de bibliothèques"
"Phelps",2,1500,1,5,1000,0.0893333333333333,-0.216403392007582,"Bibliothèques locales intermédiaires"
"Pickering",1,96049,3,102,46140,0.352476340201356,-0.207403439406021,"Grands réseaux de bibliothèques"
"Port Colborne",2,18306,1,53,23116,0.299683163989949,-0.243369117787665,"Bibliothèques locales intermédiaires"
"Port Hope",2,16753,1,38,19300,0.703038261803856,-0.251093356633427,"Bibliothèques locales intermédiaires"
"Powassan & District Union Public Library",2,6248,1,24,10000,0.160211267605634,-0.139782958437076,"Bibliothèques locales intermédiaires"
"Prescott",2,4222,1,36,6000,0.318095689246802,-0.178721999352285,"Bibliothèques locales intermédiaires"
"Prince Edward County",1,24735,6,134,11475,0.348534465332525,-0.0752217408887745,"Grands réseaux de bibliothèques"
"Prince Twp Public Library",2,1010,1,20,1652,0.25049504950495,0.00410035699201444,"Bibliothèques locales intermédiaires"
"Quinte West",2,43577,2,81,21883,0.166555751887464,-0.228028070542864,"Bibliothèques locales intermédiaires"
"Rainy River",2,1687,1,18,1770,0.29045643153527,-0.061052010585556,"Bibliothèques locales intermédiaires"
"Ramara Twp",2,9488,2,58,2209,0.180965430016863,-0.207216617767195,"Bibliothèques locales intermédiaires"
"Red Rock Twp",2,895,1,26,2850,0.473743016759777,0.0577886552604775,"Bibliothèques locales intermédiaires"
"Renfrew",2,6466,1,50.5,6562,0.510980513454995,-0.174747759902249,"Bibliothèques locales intermédiaires"
"Richmond Hill",1,215316,4,223.5,102000,0.226104887699939,-0.228789231145601,"Grands réseaux de bibliothèques"
"Rideau Lakes Public Library",2,9050,5,77,8629,0.292375690607735,-0.088803177115654,"Bibliothèques locales intermédiaires"
"Russell",2,16520,2,96,8514,0.50726392251816,-0.115755815414695,"Bibliothèques locales intermédiaires"
"Sables-Spanish Rivers Twp",2,3215,2,57,6000,0.473094867807154,-0.0734073627114131,"Bibliothèques locales intermédiaires"
"Sagamok Anishnawbek FN",2,1610,1,35,1500,0.0503105590062112,-0.152382823427918,"Bibliothèques locales intermédiaires"
"Saugeen FN",2,801,1,35,3000,0.154806491885144,0.276613627357675,"Bibliothèques locales intermédiaires"
"Sault Ste. Marie",1,82220,2,79,44600,0.258343468742398,-0.247999271354824,"Grands réseaux de bibliothèques"
"Schreiber Twp",3,1159,1,36,2700,0.575496117342537,0.858474044479287,"Petites bibliothèques à forte offre technologique"
"Scugog Memorial",2,17382,1,57,16000,0.215567828788402,-0.22173017718036,"Bibliothèques locales intermédiaires"
"Selwyn",2,17060,3,102,10020,0.305685814771395,-0.240975653155379,"Bibliothèques locales intermédiaires"
"Severn Township Library",2,32659,1,27,208,0.0238525368198659,-0.22260113131347,"Bibliothèques locales intermédiaires"
"Shelburne",2,27418,1,38,5000,0.144613027937851,-0.229811346703274,"Bibliothèques locales intermédiaires"
"Sioux Lookout",2,6414,1,21.5,3500,0.146398503274088,-0.0362795603215559,"Bibliothèques locales intermédiaires"
"Six Nations FN",2,12795,1,35,1200,0.0311840562719812,-0.235867385324704,"Bibliothèques locales intermédiaires"
"Smiths Falls",2,11671,1,41.5,8397,0.102304858195527,-0.256341634362486,"Bibliothèques locales intermédiaires"
"South Algonquin Twp",2,1013,2,24,5813,0.256663376110563,-0.0509628825938399,"Bibliothèques locales intermédiaires"
"South River-Machar Union",2,2042,1,26,1800,0.377571008814887,-0.167458503713705,"Bibliothèques locales intermédiaires"
"Southgate Twp.",2,10362,1,37,6572,0.287106736151322,-0.227523146348402,"Bibliothèques locales intermédiaires"
"Spanish Twp",2,712,1,29,1004,0.148876404494382,1.10449472851016,"Bibliothèques locales intermédiaires"
"Springwater Twp",2,30846,3,81,10480,0.25403617973157,-0.261672120855485,"Bibliothèques locales intermédiaires"
"St. Charles",2,1120,1,31,2184,0.308928571428571,-0.0876207824596529,"Bibliothèques locales intermédiaires"
"St. Joseph Twp",3,1538,1,18,2000,0.975292587776333,0.00663760342116908,"Petites bibliothèques à forte offre technologique"
"St. Marys Public Library",2,11075,1,50.5,4300,0.156749435665914,-0.143502571283112,"Bibliothèques locales intermédiaires"
"St. Thomas",2,41813,1,139,27000,0.193360916461388,-0.200632811965978,"Bibliothèques locales intermédiaires"
"Stirling-Rawdon",2,4882,1,37,7000,0.194182712003277,-0.245711237524332,"Bibliothèques locales intermédiaires"
"Stormont, Dundas & Glengarry County",1,68331,15,544,25143,0.139921850990034,-0.174442941231811,"Grands réseaux de bibliothèques"
"Stratford",2,35275,1,62,17202,0.167115520907158,-0.223123905241572,"Bibliothèques locales intermédiaires"
"Sundridge-Strong Union",2,2704,1,32,956,0.179363905325444,-0.150345073066803,"Bibliothèques locales intermédiaires"
"Tay Twp",2,8567,3,81.5,7782,0.150461071553636,-0.241075032497982,"Bibliothèques locales intermédiaires"
"Temagami",2,840,1,27,2200,0.30952380952381,0.767757518448446,"Bibliothèques locales intermédiaires"
"Temagami FN",3,247,1,21,690,0.121457489878543,3.17187900075057,"Petites bibliothèques à forte offre technologique"
"Temiskaming Shores",2,11890,1,48,6836,0.129184188393608,-0.0730592244282627,"Bibliothèques locales intermédiaires"
"Terrace Bay Twp",2,1611,1,45,7000,0.5747982619491,-0.0965562087250486,"Bibliothèques locales intermédiaires"
"The Blue Mountains",2,6805,2,74,16500,0.662013225569434,-0.168643778520511,"Bibliothèques locales intermédiaires"
"Thessalon FN",3,113,1,25,878,1.41592920353982,4.98382440133756,"Petites bibliothèques à forte offre technologique"
"Thorold",2,18801,1,54,10700,0.135524706132653,-0.24766401586041,"Bibliothèques locales intermédiaires"
"Thunder Bay",1,109709,4,152,53500,0.21106746028129,-0.22189655628923,"Grands réseaux de bibliothèques"
"Timmins",1,41788,2,105,28100,0.30989757825213,-0.21616611836827,"Grands réseaux de bibliothèques"
"Toronto",1,2956024,100,5697.75,1883890,0.231100627058508,-0.239486391736118,"Grands réseaux de bibliothèques"
"Trent Hills",2,12900,3,70.5,12103,0.566124031007752,-0.24462098503645,"Bibliothèques locales intermédiaires"
"Trent Lakes",2,5397,2,52,1915,0.5810635538262,-0.146611672845725,"Bibliothèques locales intermédiaires"
"Tudor & Cashel Twp",2,528,1,7,642,0.473484848484849,-0.162602602446971,"Bibliothèques locales intermédiaires"
"Tweed",2,6044,1,35,5000,0.165122435473197,0.0252072397952003,"Bibliothèques locales intermédiaires"
"Tyendinaga Twp",2,4297,1,28,1500,0.172678612985804,-0.217919223074965,"Bibliothèques locales intermédiaires"
"Uxbridge Twp",2,21176,2,60.5,9875,0.218077068379297,-0.201904524349356,"Bibliothèques locales intermédiaires"
"Vaughan",1,329000,11,778,177403,0.251914893617021,-0.225714502864172,"Grands réseaux de bibliothèques"
"Wainfleet Twp",2,6372,1,43,4280,0.240740740740741,-0.173166328175658,"Bibliothèques locales intermédiaires"
"Wasaga Beach",2,20675,1,60,4500,0.26863361547763,-0.189843413392727,"Bibliothèques locales intermédiaires"
"Waterloo City",1,146010,3,177.5,60120,0.375104444901034,-0.227047738785897,"Grands réseaux de bibliothèques"
"Waterloo Region",1,75190,10,219,26037,0.224258545019284,-0.249123545645263,"Grands réseaux de bibliothèques"
"Wawa",2,3180,1,20,1780,0.123584905660377,-0.207482504874036,"Bibliothèques locales intermédiaires"
"Welland",1,52293,3,141,40413,0.228405331497524,-0.194823987676311,"Grands réseaux de bibliothèques"
"Wellington County",1,99200,14,763,98045,0.2340625,-0.0871417604658929,"Grands réseaux de bibliothèques"
"West Grey Twp",2,12518,3,62,5100,0.0799648506151142,-0.23952038285978,"Bibliothèques locales intermédiaires"
"West Lincoln Twp",2,14500,3,79,21073,0.0762068965517241,-0.214389837613199,"Bibliothèques locales intermédiaires"
"West Nipissing",1,11809,5,95,15674,0.222711491235498,-0.212099839059348,"Grands réseaux de bibliothèques"
"West Perth",2,8865,1,54,10900,0.298589960518895,-0.255934797177848,"Bibliothèques locales intermédiaires"
"Westport",2,590,1,19,1728,0.574576271186441,0.071505588055471,"Bibliothèques locales intermédiaires"
"Whitby",1,137300,3,104,68000,0.375724690458849,-0.20904535539154,"Grands réseaux de bibliothèques"
"Whitchurch-Stouffville",2,30705,1,45.5,32000,0.512424686533138,-0.171841712561411,"Bibliothèques locales intermédiaires"
"White River Twp",2,645,1,16,1636,0.345736434108527,0.070882917934934,"Bibliothèques locales intermédiaires"
"Whitefish River FN",2,416,2,60,745,0.21875,-0.00662814488818327,"Bibliothèques locales intermédiaires"
"Whitestone-Hagerman Memorial",3,821,1,27,2500,0.683313032886724,1.0125422660997,"Petites bibliothèques à forte offre technologique"
"Whitewater Region",2,5681,3,42,2838,0.324942791762014,-0.207008596817372,"Bibliothèques locales intermédiaires"
"Windsor",1,224134,10,524,103887,0.400193634165276,-0.218600437218449,"Grands réseaux de bibliothèques"
"Wollaston",2,670,1,16,768,0.464179104477612,-0.210721886592346,"Bibliothèques locales intermédiaires"
"Woodstock",2,40902,1,49.5,24200,0.264656984988509,-0.252120729125186,"Bibliothèques locales intermédiaires"
