"Nom_bibliotheque","PC1","PC2"
"Addington Highlands Twp",-0.954878517893895,1.10278587334379
"Admaston/Bromley Twp",-1.92011452375683,-1.0532223540276
"Ajax",2.05131655968577,-0.443218574073984
"Alderville FN",-2.61297161738068,1.26365495984323
"Alfred & Plantagenet Twp",0.675415315067553,-0.28195670942771
"Algonquins of Pikwakanagan FN",-2.96269712802676,-0.641523472710636
"Alnwick/Haldimand Twp",0.280886317581541,-0.446850055360302
"Armstrong Twp",-1.45532748203433,-1.42013547809713
"Arnprior",-0.164595065083235,0.190045903792595
"Asphodel-Norwood",-0.781864919906953,-0.335350798098324
"Assiginack Twp",-2.0482224919724,1.260282426798
"Athens Twp",-1.61486189089531,-1.28442649887592
"Atikokan",-1.04936387008229,1.61577450238671
"Augusta Twp",-0.937293999955424,-0.118628445731769
"Aurora",0.520741893820334,0.452204276954914
"Bancroft Town",-1.22666684366421,0.0314239339313099
"Barrie",1.91022536402852,-0.626245806179104
"Belleville",0.599405566094732,0.42067505486775
"Big Grassy FN",-1.17872414679216,2.14040586835771
"Biigtigong Nishnaabeg",-2.29673069291645,-0.816221061239707
"Billings Twp",-2.54572761977501,0.129403453511013
"Bkejwanong FN",-1.33737715125975,-7.3016156505427
"Black River-Matheson Twp",-1.03484701135556,0.802992511523946
"Blind River",-0.759575278730109,-0.559360861558111
"Bonfield",-1.87735001867589,-0.651197144334151
"Bonnechere Union",-0.989276722720581,0.298933200046492
"Bracebridge",-0.133865324124932,0.966979712151289
"Bradford West Gwillimbury Town",0.638381770675284,0.725071694890665
"Brampton",4.0920295619859,-1.0053249679346
"Brant County",2.04569856949453,1.43483678788513
"Brantford",1.74621834899081,-0.639910556018922
"Brighton Public Library Board",0.31313504640352,0.213110386387235
"Brock Twp",0.608191299347405,-0.294202063778333
"Brockville",-0.0391718974334554,-0.433394030529291
"Bruce County",3.4443823342848,0.864708206492602
"Bruce Mines & Plummer Additional Union",-1.50346083600703,-0.30206878262448
"Burk's Falls, Armour & Ryerson Union",-1.2450374080363,-0.545448880427602
"Burlington",3.19634214622221,1.32118324258941
"Caledon",2.66605967680634,-0.319257595837437
"Callander",-1.29430865597599,-0.195863759527051
"Cambridge",2.90184191986368,0.327425094317917
"Carleton Place",-0.154560920275347,-0.597000878672799
"Carlow/Mayo Public Library",-2.45075063866714,-0.156375076597751
"Cavan Monaghan Public Library Board, Township of",-0.0826898330347186,-0.96920123287044
"Central Manitoulin Twp",-1.70899450263586,2.34486885356301
"Centre Hastings",-1.08368777221602,-0.483633437317931
"Champlain Twp",-0.854847740847046,-0.660786198007393
"Chapleau Twp",-1.30768461767783,-0.815596299045124
"Chatham-Kent",3.1537858900121,0.385529413448106
"Chippewas of Georgina Island FN",-2.10086834084234,1.88177471862076
"Chippewas of Kettle & Stony Point FN",-1.86077447872588,0.0958005289491588
"Chippewas of Rama FN",-1.32348279005041,0.503085080436156
"Clarence-Rockland",0.532712916502881,0.558265140040503
"Clarington, Municipality of",2.24798293760165,0.552577984646361
"Clearview Twp",1.73787583556942,-1.08304237092844
"Cobourg",1.29924287962878,0.116507663084078
"Cochrane Public Library Board",-0.91544180845945,0.66734420606734
"Collingwood",0.297699482156668,0.23608979011883
"Cornwall",0.283143889356567,-0.558755264066036
"Deep River",-0.600100220168125,0.481513584513093
"Delaware FN",-2.91361064724543,2.48530873517722
"Deseronto",-1.15227177995917,0.222891012405151
"Douro-Dummer Twp",-1.32993193244852,-1.78222347087475
"Dryden",-0.459041150339828,-0.149246638116372
"Ear Falls Twp",-1.5714363987713,-0.430941406534775
"East Ferris",-1.06596849186723,-0.495798362754112
"East Gwillimbury",0.773210818850524,0.307447759297528
"Edwardsburgh/Cardinal Twp",-0.541541220838971,-1.27615371912479
"Elgin County",2.77537738378756,-0.25935790274092
"Elliot Lake",-0.228013134708197,-0.691602468085047
"Englehart",-1.25140366144981,0.380307485315407
"Espanola",-0.494616610231364,-0.695112182629813
"Essa",0.765310485191437,-1.14624681748783
"Essex County",3.73984000793191,-0.640278750066772
"Fort Erie",1.30319853915308,0.0245170421903358
"Fort Frances",-0.135376981202608,0.169415203700169
"French River",-0.996252151308805,-0.0160840207962476
"Front of Yonge Twp",-1.64724675684608,-1.11556251257608
"Gananoque",-1.0755252390289,0.785257047659816
"Georgian Bay Twp",-0.127567503809516,0.737182942834692
"Georgina",1.17518217827316,-0.238097995898296
"Gore Bay Union",-1.67594635441329,0.547627693194016
"Grand Valley Library Board",-0.567443365707174,-0.30578260138859
"Gravenhurst Public Library",-0.294787698635784,0.356233424243655
"Greater Madawaska Twp",-1.68030513799988,-0.25031769076306
"Greenstone",0.472969108924442,0.349423919502266
"Grey Highlands",0.580355570781112,0.434556746311578
"Grimsby",0.267495395981404,-0.302748599775241
"Guelph",2.62966877093602,0.643878931808927
"Haldimand County",2.39103736361999,0.0756299858880763
"Haliburton County",1.82579141142364,0.749745477309955
"Halton Hills",1.65236165121928,0.108041890378421
"Hamilton",5.29530004138889,0.113239889717902
"Hanover",-0.637867848411678,-0.512259877033246
"Hastings Highlands Twp",-0.906870461071311,-0.295566115673233
"Havelock-Belmont-Methuen Twp",-0.78030130690975,0.657050156837009
"Hawkesbury",-0.293036043177341,-1.05664764451694
"Head, Clara & Maria",-3.23221598939623,0.789387896541165
"Hearst Twp",-0.684629124048243,-0.849072349923669
"Henvey Inlet FN",-2.22025150148501,0.697092925893288
"Hilton Union",-2.66248431525039,1.72633526344359
"Hornepayne Twp",-2.11383096229403,0.386452321131721
"Huntsville",-0.27388168503266,0.430047761897456
"Huron County",3.03288197810068,0.317478080462336
"Huron Shores",-1.91971665833417,-1.48234062437076
"Ignace",-1.83586041626052,-0.290279604895724
"Innisfil",1.70976025045999,1.13620102067317
"Iroquois Falls",-0.980227352576708,-1.10135441977774
"James Twp",-2.23428227283888,1.76753439424356
"Kawartha Lakes, City of",3.12009626300815,-0.0361546299083056
"Kenora City",0.678568840703038,-0.0840804623743814
"Killaloe, Hagarty & Richards Twp",-1.32268079272871,0.356820298693091
"King Twp",1.63048828206646,-0.230903620944251
"Kingston-Frontenac County",3.76683398048681,0.0878774591351791
"Kirkland Lake",-0.0502885888038705,-1.07921652512424
"Kitchener",3.26615462809467,0.246583651395548
"La Nation",0.459630895847508,0.168991291860112
"Lake of Bays Twp",-0.344839355113544,2.59397367054241
"Lambton County",4.15900547894772,-0.555686825251976
"Lanark Highlands",-1.45376838983658,-1.17452255759146
"Larder Lake Public Library",-2.59619697736935,0.0529057734517528
"Laurentian Hills",-1.0748781134322,-2.15988328724896
"Leeds and the Thousand Islands Twp",0.161217251322219,-1.16398970225818
"Lennox and Addington County",1.78068336606196,-0.518154634740841
"Lincoln",0.785899379327618,0.0739331020598597
"London",4.57578980013824,0.731039396578364
"M'Chigeeng FN",-1.68859819396465,-0.524490230693447
"Madawaska Valley Twp",-1.05670519378212,-0.559494222980624
"Magnetawan FN",-3.12697486722636,0.305439679942665
"Magnetawan Twp",-1.75117771773939,1.5412463702204
"Manitouwadge",-1.36781364006413,0.410877071158317
"Marathon",-1.18357968291113,0.739402010940244
"Markham",2.99644562306667,-0.0206330201415251
"Markstay-Warren",-1.05137704331641,0.287352853171649
"Marmora and Lake Twp",-1.64386644915815,-0.285335746341007
"Mattawa",-1.65045691241363,-0.14758568800859
"Mattice-Val Cote Twp",-1.74157630828647,0.213197396550982
"McKellar Twp",-1.12102957577541,-0.209459916125278
"Meaford",-0.277124820008732,0.775393148413326
"Merrickville-Wolford",-0.943147413257923,-0.590223221155924
"Michipicoten FN",-2.13139170762599,1.75038201500224
"Middlesex County Library",3.41386097476086,0.110108855147678
"Midland",0.468829628138986,-0.927590739263766
"Mississauga",4.9056759407558,-0.335852244092256
"Mississaugas of Scugog Island FN",-2.83652618788719,3.11248480146015
"Mississippi Mills",0.426898799495244,0.358280202081585
"Mohawks of the Bay of Quinte FN",-1.18977813410984,-1.89606152031845
"Moonbeam Twp",-1.54075038655225,0.0737113443917223
"Muskoka Lakes Twp",-0.0790987007993215,-0.395429566633262
"New Tecumseth",1.44616942533409,0.205017884556226
"Newmarket",0.741049474613935,-0.131176876499285
"Niagara Falls",2.4211425199618,0.860603912899056
"Niagara-on-the-Lake",0.747671943864027,0.873949168103581
"Nipigon Twp",-1.56369589763618,0.283736965598129
"Norfolk County",2.28066330460702,0.556037696317121
"North Bay",0.615123305409845,1.57783183982021
"North Grenville Twp",0.333040016126638,0.5546298726499
"North Kawartha Twp",-0.528845492795446,2.70793482076874
"North Perth",0.658740480405017,-0.43696667373473
"Northeastern Manitoulin and the Islands",-1.15681876877036,0.268537850945555
"Oakville",3.29832257231808,-0.0243875752230428
"Oliver Paipoonge",-0.257137039355875,-1.71111444126916
"Orangeville",0.777255365857436,-0.580230333617962
"Orillia",0.739051977513772,0.258500939033539
"Oshawa",2.59972825157177,-0.0579873961881685
"Otonabee-South Monaghan Twp",-0.0036139399671455,-1.32735601067459
"Ottawa",5.76303850851324,0.416955649996274
"Owen Sound & North Grey Union",0.329338207104592,-0.314260074250755
"Oxford County",3.12578013037533,0.175671864276427
"Pelham",0.921873983272875,0.403366748828601
"Pembroke",-0.266249323022654,-0.794091611596196
"Penetanguishene",0.489946710989148,-0.256843079265162
"Perry Twp",-1.25868667248317,-1.49402243465756
"Perth and District Union",-0.108152151357836,-0.157050314046079
"Perth East",-0.479829135109149,-1.75252715042501
"Petawawa",-0.760514806039103,-1.06063946101072
"Peterborough",1.81888826148207,-0.0396092976296653
"Phelps",-2.6288819871464,-1.40527528025216
"Pickering",1.75992726832814,0.39306304994881
"Port Colborne",0.184610284704835,0.160184767487037
"Port Hope",-0.0742929449006397,1.23460304491121
"Powassan & District Union Public Library",-0.747200075437497,-0.624207374735008
"Prescott",-0.827405189500074,0.306318548003806
"Prince Edward County",1.46602160879595,0.549242089518926
"Prince Twp Public Library",-1.90462361797574,0.0538206921274727
"Quinte West",0.988932023384726,-0.57058793981002
"Rainy River",-1.80250527712773,0.195501556922443
"Ramara Twp",-0.319565208662015,-0.402836203187817
"Red Rock Twp",-1.64028781617092,0.908546295129769
"Renfrew",-0.528516795583977,0.904087980340662
"Richmond Hill",2.77772488953193,-0.147138135428697
"Rideau Lakes Public Library",0.742350458312404,0.345922813674619
"Russell",0.494557799081045,0.931969602112404
"Sables-Spanish Rivers Twp",-0.30105563251113,0.93450651956858
"Sagamok Anishnawbek FN",-1.51368248768854,-2.00568029012845
"Saugeen FN",-1.48856390374082,-0.495058856301926
"Sault Ste. Marie",1.36665488851221,-0.0489292163770103
"Schreiber Twp",-1.4337439763992,1.15836270456939
"Scugog Memorial",0.0925313831130354,-0.259469620393095
"Selwyn",0.815012803792878,0.325099282929289
"Severn Township Library",-1.48621820240651,-3.26215007135109
"Shelburne",-0.359397382350261,-0.857261864602178
"Sioux Lookout",-1.1342019857282,-0.768109155685932
"Six Nations FN",-1.03781485171665,-2.7928033422493
"Smiths Falls",-0.364817920649601,-1.21579336112454
"South Algonquin Twp",-1.02759137419049,0.184736395354023
"South River-Machar Union",-1.57084737516016,0.541879664306416
"Southgate Twp.",-0.548492934097375,0.104809088856885
"Spanish Twp",-1.96684866184509,-0.567818366165843
"Springwater Twp",0.873863723347901,0.0241116958015612
"St. Charles",-1.57504225196428,0.349398057068587
"St. Joseph Twp",-1.80641339555551,1.75836181984307
"St. Marys Public Library",-0.506520319463619,-0.662653430176727
"St. Thomas",0.931148794065214,-0.399984815433361
"Stirling-Rawdon",-0.718004666627296,-0.333808864354382
"Stormont, Dundas & Glengarry County",3.18875382680778,-0.50749056479037
"Stratford",0.346090137205567,-0.636826283645393
"Sundridge-Strong Union",-1.58933920450075,-0.43237513334213
"Tay Twp",0.454380108055727,-0.547311398801309
"Temagami",-1.71559312200764,0.366029971262041
"Temagami FN",-2.52017940869801,-0.770969361399604
"Temiskaming Shores",-0.359119713201613,-0.911781873747071
"Terrace Bay Twp",-0.928549967940075,1.16206423577346
"The Blue Mountains",0.346167501122647,1.33976449191452
"Thessalon FN",-2.59974932410156,2.45850876604129
"Thorold",-0.0368715854724973,-0.871847493711306
"Thunder Bay",2.20383320742825,-0.218151888412379
"Timmins",1.17674149402934,0.251333892218092
"Toronto",7.7550857807347,0.243946373221036
"Trent Hills",0.612174102204354,1.11599904062918
"Trent Lakes",-0.585574439012539,1.12910728352207
"Tudor & Cashel Twp",-2.90690701076417,0.834118518604228
"Tweed",-0.796369378006527,-0.568954174505171
"Tyendinaga Twp",-1.38705128254637,-0.520307863105112
"Uxbridge Twp",0.394368445404358,-0.200077571630047
"Vaughan",4.23093089843544,0.147730237035305
"Wainfleet Twp",-0.738098175178341,-0.0783752993076996
"Wasaga Beach",-0.252923339068947,-0.0103772720840951
"Waterloo City",2.2262940403562,0.481464352849082
"Waterloo Region",2.5494122035206,-0.01083618359523
"Wawa",-1.56980778414715,-0.944759889337553
"Welland",1.72425249103977,-0.093382255207135
"Wellington County",3.84860106170243,0.162590265385123
"West Grey Twp",0.291810800069534,-1.41526067697617
"West Lincoln Twp",0.911131488578956,-1.44722111240333
"West Nipissing",1.11334457914056,0.000201058409250596
"West Perth",-0.239678961492488,0.202938726016276
"Westport",-2.06879055178623,1.15961671988078
"Whitby",1.98771404394884,0.453870437221023
"Whitchurch-Stouffville",0.3416688765194,0.80081523490288
"White River Twp",-2.13954876573728,0.488166000280254
"Whitefish River FN",-1.47501236391806,0.079736617320022
"Whitestone-Hagerman Memorial",-1.69275512198242,1.38557068062712
"Whitewater Region",-0.318662522723116,0.409971358960502
"Windsor",3.70330166335087,0.726953392939718
"Wollaston",-2.38019860014226,0.849420191936886
"Woodstock",0.377669444310118,-0.068984527745017
